<?xml version="1.0" encoding="UTF-8"?>  <!-- Modified by TechNEWSology -->
<window>
	<coordinates>
	<top>-1000</top>
	</coordinates>
	<zorder>10</zorder>
	<onload condition="VideoPlayer.Content(livetv)">SetFocus(727)</onload>
	<onload condition="!VideoPlayer.Content(livetv) + Skin.HasSetting(Disable.PlayerControlButtons)">SetFocus(708)</onload>
	<onload condition="!VideoPlayer.Content(livetv) + !Skin.HasSetting(Disable.PlayerControlButtons)">SetFocus(708)</onload>
	<controls>
		<control type="group">
			<visible>![Window.IsVisible(SliderDialog) | Window.IsVisible(pvrchannelguide) | Window.IsVisible(PVROSDTeletext) | Window.IsVisible(PVROSDChannels) | Window.IsVisible(OSDVideoSettings) | Window.IsVisible(OSDAudioSettings) | Window.IsActive(gamevolume) | Window.IsVisible(OSDSubtitleSettings) | Window.IsVisible(VideoBookmarks) | Window.IsVisible(SubtitleSearch) | Window.IsVisible(1115)]</visible>
			<animation effect="fade" end="100" start="0" delay="150" time="200">Visible</animation>
			<animation effect="fade" end="100" time="260">WindowOpen</animation>
			<animation effect="fade" end="0" start="100" time="200">WindowClose</animation>
			<control type="image">
				<top>1010</top>
				<width>1920</width>
				<height>120</height>
				<texture border="1,32,1,1">bottombar.png</texture>
				<visible>VideoPlayer.Content(LiveTV)</visible>
			</control>
			<control type="slider">
				<top>2040</top>
				<width>100%</width>
				<height>23</height>
				<texturesliderbar>seekslider2.png</texturesliderbar>
				<textureslidernib />
				<textureslidernibfocus colordiffuse="$VAR[ThemeOSDProgressColor]">slidernib_alt.png</textureslidernibfocus>
				<action>seek</action>
				<visible>!VideoPlayer.Content(LiveTV)</visible>
			</control>
			<!-- Subtitle Buttons (Extra) Top Player-->
			<control type="group">
				<top>987</top>
				<control type="grouplist" id="203">
					<top>97</top>
					<left>1030</left>
					<height>344</height>
					<width>100%</width>
					<onup>711</onup>
					<scrolltime tween="sine">200</scrolltime>
					<orientation>horizontal</orientation>
					<itemgap>2</itemgap>
					<visible>Control.HasFocus(711) | Control.HasFocus(714) | Control.HasFocus(715) | Control.HasFocus(716) | Control.HasFocus(744) | Control.HasFocus(745)</visible>
					<include>VisibleFadeAnimation</include>
					<control type="button" id="714">
						<texturefocus>osd/buttons/icon_subtitles.png</texturefocus>
						<texturenofocus>a.png</texturenofocus>
						<label>[B]Λήψη[/B]</label>
						<width>130</width>
						<height>50</height>
						<align>center</align>
						<font>font10</font>
						<textcolor>white</textcolor>
						<shadowcolor>black</shadowcolor>
						<aspectratio>keep</aspectratio>
						<onclick>ActivateWindow(SubtitleSearch)</onclick>
						<oninfo>Dialog.Close(all,true)</oninfo>
					</control>
					<control type="button" id="745">
						<texturefocus>osd/buttons/icon_subtitles.png</texturefocus>
						<texturenofocus>a.png</texturenofocus>
						<label>[B]Αναζήτηση[/B]</label>
						<width>140</width>
						<height>50</height>
						<align>center</align>
						<font>font10</font>
						<textcolor>white</textcolor>
						<shadowcolor>black</shadowcolor>
						<aspectratio>keep</aspectratio>
						<onclick>RunScript("special://skin/16x9/SearchSubsSettings.py")</onclick>
						<oninfo>Dialog.Close(all,true)</oninfo>
					</control>
					<control type="button" id="715">
						<texturefocus>osd/buttons/icon_subtitles.png</texturefocus>
						<texturenofocus>a.png</texturenofocus>
						<label>[B]On/Off[/B]</label>
						<width>130</width>
						<height>50</height>
						<align>center</align>
						<font>font10</font>
						<textcolor>white</textcolor>
						<shadowcolor>black</shadowcolor>
						<aspectratio>keep</aspectratio>
						<onclick>Action(ShowSubtitles)</onclick>
						<oninfo>Dialog.Close(all,true)</oninfo>
					</control>
					<control type="button" id="716">
						<texturefocus>osd/buttons/icon_subtitles.png</texturefocus>
						<texturenofocus>a.png</texturenofocus>
						<label>[B]Sync[/B]</label>
						<width>130</width>
						<height>50</height>
						<align>center</align>
						<font>font10</font>
						<textcolor>white</textcolor>
						<shadowcolor>black</shadowcolor>
						<aspectratio>keep</aspectratio>
						<onclick>subtitledelay</onclick>
						<oninfo>Dialog.Close(all,true)</oninfo>
					</control>
					<control type="button" id="744">
						<texturefocus>osd/buttons/icon_subtitles.png</texturefocus>
						<texturenofocus>a.png</texturenofocus>
						<label>[B]Ρυθμίσεις[/B]</label>
						<width>130</width>
						<height>50</height>
						<align>center</align>
						<font>font10</font>
						<textcolor>white</textcolor>
						<shadowcolor>black</shadowcolor>
						<aspectratio>keep</aspectratio>
						<onclick>RunScript("special://skin/16x9/SubsSettings.py")</onclick>
						<oninfo>Dialog.Close(all,true)</oninfo>
					</control>
				</control>
			</control>
			<!-- Subtitle Buttons (Extra) Down Player -->
			<control type="group">
				<top>852</top>
				<control type="grouplist" id="204">
					<top>1045</top>
					<left>1040</left>
					<height>344</height>
					<width>100%</width>
					<ondown>750</ondown>
					<scrolltime tween="sine">200</scrolltime>
					<orientation>horizontal</orientation>
					<itemgap>2</itemgap>
					<visible>Control.HasFocus(750) | Control.HasFocus(740) | Control.HasFocus(741) | Control.HasFocus(742) | Control.HasFocus(743) | Control.HasFocus(746)</visible>
					<include>VisibleFadeAnimation</include>
					<control type="button" id="740">
						<texturefocus>osd/buttons/icon_subtitles.png</texturefocus>
						<texturenofocus>a.png</texturenofocus>
						<label>[B]Λήψη[/B]</label>
						<width>120</width>
						<height>50</height>
						<align>center</align>
						<font>font10</font>
						<textcolor>white</textcolor>
						<shadowcolor>black</shadowcolor>
						<aspectratio>keep</aspectratio>
						<onclick>ActivateWindow(SubtitleSearch)</onclick>
						<oninfo>Dialog.Close(all,true)</oninfo>
					</control>
					<control type="button" id="746">
						<texturefocus>osd/buttons/icon_subtitles.png</texturefocus>
						<texturenofocus>a.png</texturenofocus>
						<label>[B]Αναζήτηση[/B]</label>
						<width>140</width>
						<height>50</height>
						<align>center</align>
						<font>font10</font>
						<textcolor>white</textcolor>
						<shadowcolor>black</shadowcolor>
						<aspectratio>keep</aspectratio>
						<onclick>RunScript("special://skin/16x9/SearchSubsSettings.py")</onclick>
						<oninfo>Dialog.Close(all,true)</oninfo>
					</control>
					<control type="button" id="741">
						<texturefocus>osd/buttons/icon_subtitles.png</texturefocus>
						<texturenofocus>a.png</texturenofocus>
						<label>[B]On/Off[/B]</label>
						<width>120</width>
						<height>50</height>
						<align>center</align>
						<font>font10</font>
						<textcolor>white</textcolor>
						<shadowcolor>black</shadowcolor>
						<aspectratio>keep</aspectratio>
						<onclick>Action(ShowSubtitles)</onclick>
						<oninfo>Dialog.Close(all,true)</oninfo>
					</control>
					<control type="button" id="742">
						<texturefocus>osd/buttons/icon_subtitles.png</texturefocus>
						<texturenofocus>a.png</texturenofocus>
						<label>[B]Sync[/B]</label>
						<width>120</width>
						<height>50</height>
						<align>center</align>
						<font>font10</font>
						<textcolor>white</textcolor>
						<shadowcolor>black</shadowcolor>
						<aspectratio>keep</aspectratio>
						<onclick>subtitledelay</onclick>
						<oninfo>Dialog.Close(all,true)</oninfo>
					</control>
					<control type="button" id="743">
						<texturefocus>osd/buttons/icon_subtitles.png</texturefocus>
						<texturenofocus>a.png</texturenofocus>
						<label>[B]Ρυθμίσεις[/B]</label>
						<width>130</width>
						<height>50</height>
						<align>center</align>
						<font>font10</font>
						<textcolor>white</textcolor>
						<shadowcolor>black</shadowcolor>
						<aspectratio>keep</aspectratio>
						<onclick>RunScript("special://skin/16x9/SubsSettings.py")</onclick>
						<oninfo>Dialog.Close(all,true)</oninfo>
					</control>
				</control>
			</control>
			<control type="group">
				<top>987</top>
				<!-- Audio Buttons (Extra) Top Player -->
				<control type="grouplist" id="201">
					<top>97</top>
					<left>190</left>
					<height>344</height>
					<width>100%</width>
					<onup>702</onup>
					<scrolltime tween="sine">200</scrolltime>
					<orientation>horizontal</orientation>
					<itemgap>2</itemgap>
					<visible>Control.HasFocus(702) | Control.HasFocus(731) | Control.HasFocus(732) | Control.HasFocus(733) | Control.HasFocus(734)</visible>
					<include>VisibleFadeAnimation</include>
					<control type="button" id="731">
						<texturefocus>osd/buttons/icon_subtitles.png</texturefocus>
						<texturenofocus>a.png</texturenofocus>
						<label>[B]Ένταση[/B]</label>
						<width>120</width>
						<height>50</height>
						<align>center</align>
						<font>font10</font>
						<textcolor>white</textcolor>
						<shadowcolor>black</shadowcolor>
						<aspectratio>keep</aspectratio>
						<onclick>ActivateWindow(GameVolume)</onclick>
						<oninfo>Dialog.Close(all,true)</oninfo>
						<invisible>!Window.IsActive(gamevolume)</invisible>
					</control>
					<control type="button" id="732">
						<texturefocus>osd/buttons/icon_subtitles.png</texturefocus>
						<texturenofocus>a.png</texturenofocus>
						<label>[B]Sync[/B]</label>
						<width>120</width>
						<height>50</height>
						<align>center</align>
						<font>font10</font>
						<textcolor>white</textcolor>
						<shadowcolor>black</shadowcolor>
						<aspectratio>keep</aspectratio>
						<onclick>audiodelay</onclick>
						<oninfo>Dialog.Close(all,true)</oninfo>
					</control>
					<control type="button" id="733">
						<texturefocus>osd/buttons/icon_subtitles.png</texturefocus>
						<texturenofocus>a.png</texturenofocus>
						<label>[B]Ηχητ.Ροή[/B]</label>
						<width>140</width>
						<height>50</height>
						<align>center</align>
						<font>font10</font>
						<textcolor>white</textcolor>
						<shadowcolor>black</shadowcolor>
						<aspectratio>keep</aspectratio>
						<onclick>RunScript("special://skin/16x9/AudioFlow.py")</onclick>
						<oninfo>Dialog.Close(all,true)</oninfo>
					</control>
					<control type="button" id="734">
						<texturefocus>osd/buttons/icon_subtitles.png</texturefocus>
						<texturenofocus>a.png</texturenofocus>
						<label>[B]Ρυθμίσεις[/B]</label>
						<width>140</width>
						<height>50</height>
						<align>center</align>
						<font>font10</font>
						<textcolor>white</textcolor>
						<shadowcolor>black</shadowcolor>
						<aspectratio>keep</aspectratio>
						<onclick>RunScript("special://skin/16x9/AudioSettings.py")</onclick>
						<oninfo>Dialog.Close(all,true)</oninfo>
					</control>
				</control>
			</control>
			<control type="group">
				<top>852</top>
				<!-- Audio Buttons (Extra) Down Player -->
				<control type="grouplist" id="205">
					<top>1045</top>
					<left>205</left>
					<height>344</height>
					<width>100%</width>
					<ondown>760</ondown>
					<scrolltime tween="sine">200</scrolltime>
					<orientation>horizontal</orientation>
					<itemgap>2</itemgap>
					<visible>Control.HasFocus(760) | Control.HasFocus(736) | Control.HasFocus(737) | Control.HasFocus(738) | Control.HasFocus(739)</visible>
					<include>VisibleFadeAnimation</include>
					<control type="button" id="736">
						<texturefocus>osd/buttons/icon_subtitles.png</texturefocus>
						<texturenofocus>a.png</texturenofocus>
						<label>[B]Ένταση[/B]</label>
						<width>120</width>
						<height>50</height>
						<align>center</align>
						<font>font10</font>
						<textcolor>white</textcolor>
						<shadowcolor>black</shadowcolor>
						<aspectratio>keep</aspectratio>
						<onclick>ActivateWindow(GameVolume)</onclick>
						<oninfo>Dialog.Close(all,true)</oninfo>
						<invisible>!Window.IsActive(gamevolume)</invisible>
					</control>
					<control type="button" id="737">
						<texturefocus>osd/buttons/icon_subtitles.png</texturefocus>
						<texturenofocus>a.png</texturenofocus>
						<label>[B]Sync[/B]</label>
						<width>120</width>
						<height>50</height>
						<align>center</align>
						<font>font10</font>
						<textcolor>white</textcolor>
						<shadowcolor>black</shadowcolor>
						<aspectratio>keep</aspectratio>
						<onclick>audiodelay</onclick>
						<oninfo>Dialog.Close(all,true)</oninfo>
					</control>
					<control type="button" id="738">
						<texturefocus>osd/buttons/icon_subtitles.png</texturefocus>
						<texturenofocus>a.png</texturenofocus>
						<label>[B]Ηχητ.Ροή[/B]</label>
						<width>140</width>
						<height>50</height>
						<align>center</align>
						<font>font10</font>
						<textcolor>white</textcolor>
						<shadowcolor>black</shadowcolor>
						<aspectratio>keep</aspectratio>
						<onclick>RunScript("special://skin/16x9/AudioFlow.py")</onclick>
						<oninfo>Dialog.Close(all,true)</oninfo>
					</control>
					<control type="button" id="739">
						<texturefocus>osd/buttons/icon_subtitles.png</texturefocus>
						<texturenofocus>a.png</texturenofocus>
						<label>[B]Ρυθμίσεις[/B]</label>
						<width>140</width>
						<height>50</height>
						<align>center</align>
						<font>font10</font>
						<textcolor>white</textcolor>
						<shadowcolor>black</shadowcolor>
						<aspectratio>keep</aspectratio>
						<onclick>RunScript("special://skin/16x9/AudioSettings.py")</onclick>
						<oninfo>Dialog.Close(all,true)</oninfo>
					</control>
				</control>
			</control>
			<control type="group">
				<top>987</top>
				<!-- Video Buttons (Extra) Top Player -->
				<control type="grouplist" id="206">
					<top>97</top>
					<left>310</left>
					<height>344</height>
					<width>100%</width>
					<onup>703</onup>
					<scrolltime tween="sine">200</scrolltime>
					<orientation>horizontal</orientation>
					<itemgap>2</itemgap>
					<visible>Control.HasFocus(703) | Control.HasFocus(831) | Control.HasFocus(832) | Control.HasFocus(833) | Control.HasFocus(834)</visible>
					<include>VisibleFadeAnimation</include>
					<control type="button" id="831">
						<texturefocus>osd/buttons/icon_subtitles.png</texturefocus>
						<texturenofocus>a.png</texturenofocus>
						<label>[B]Προβολή[/B]</label>
						<width>120</width>
						<height>50</height>
						<align>center</align>
						<font>font10</font>
						<textcolor>white</textcolor>
						<shadowcolor>black</shadowcolor>
						<aspectratio>keep</aspectratio>
						<onclick>RunScript("special://skin/16x9/VideoShow.py")</onclick>
						<oninfo>Dialog.Close(all,true)</oninfo>
					</control>
					<control type="button" id="832">
						<texturefocus>osd/buttons/icon_subtitles.png</texturefocus>
						<texturenofocus>a.png</texturenofocus>
						<label>[B]Zoom[/B]</label>
						<width>120</width>
						<height>50</height>
						<align>center</align>
						<font>font10</font>
						<textcolor>white</textcolor>
						<shadowcolor>black</shadowcolor>
						<aspectratio>keep</aspectratio>
						<onclick>RunScript("special://skin/16x9/VideoZoom.py")</onclick>
						<oninfo>Dialog.Close(all,true)</oninfo>
					</control>
					<control type="button" id="833">
						<texturefocus>osd/buttons/icon_subtitles.png</texturefocus>
						<texturenofocus>a.png</texturenofocus>
						<label>[B]3D[/B]</label>
						<width>120</width>
						<height>50</height>
						<align>center</align>
						<font>font10</font>
						<textcolor>white</textcolor>
						<shadowcolor>black</shadowcolor>
						<aspectratio>keep</aspectratio>
						<onclick>PlayerControl(Play)</onclick>
						<onclick>StereoMode</onclick>
						<onclick>PlayerControl(Play)</onclick>
						<oninfo>Dialog.Close(all,true)</oninfo>
					</control>
					<control type="button" id="834">
						<texturefocus>osd/buttons/icon_subtitles.png</texturefocus>
						<texturenofocus>a.png</texturenofocus>
						<label>[B]Ρυθμίσεις[/B]</label>
						<width>140</width>
						<height>50</height>
						<align>center</align>
						<font>font10</font>
						<textcolor>white</textcolor>
						<shadowcolor>black</shadowcolor>
						<aspectratio>keep</aspectratio>
						<onclick>RunScript("special://skin/16x9/VideoSettings.py")</onclick>
						<oninfo>Dialog.Close(all,true)</oninfo>
					</control>
				</control>
			</control>
			<control type="group">
				<top>852</top>
				<!-- Video Buttons (Extra) Down Player -->
				<control type="grouplist" id="207">
					<top>1045</top>
					<left>310</left>
					<height>344</height>
					<width>100%</width>
					<ondown>770</ondown>
					<scrolltime tween="sine">200</scrolltime>
					<orientation>horizontal</orientation>
					<itemgap>2</itemgap>
					<visible>Control.HasFocus(770) | Control.HasFocus(931) | Control.HasFocus(932) | Control.HasFocus(933) | Control.HasFocus(934)</visible>
					<include>VisibleFadeAnimation</include>
					<control type="button" id="931">
						<texturefocus>osd/buttons/icon_subtitles.png</texturefocus>
						<texturenofocus>a.png</texturenofocus>
						<label>[B]Προβολή[/B]</label>
						<width>120</width>
						<height>50</height>
						<align>center</align>
						<font>font10</font>
						<textcolor>white</textcolor>
						<shadowcolor>black</shadowcolor>
						<aspectratio>keep</aspectratio>
						<onclick>RunScript("special://skin/16x9/VideoShow.py")</onclick>
						<oninfo>Dialog.Close(all,true)</oninfo>
					</control>
					<control type="button" id="932">
						<texturefocus>osd/buttons/icon_subtitles.png</texturefocus>
						<texturenofocus>a.png</texturenofocus>
						<label>[B]Zoom[/B]</label>
						<width>120</width>
						<height>50</height>
						<align>center</align>
						<font>font10</font>
						<textcolor>white</textcolor>
						<shadowcolor>black</shadowcolor>
						<aspectratio>keep</aspectratio>
						<onclick>RunScript("special://skin/16x9/VideoZoom.py")</onclick>
						<oninfo>Dialog.Close(all,true)</oninfo>
					</control>
					<control type="button" id="933">
						<texturefocus>osd/buttons/icon_subtitles.png</texturefocus>
						<texturenofocus>a.png</texturenofocus>
						<label>[B]3D[/B]</label>
						<width>120</width>
						<height>50</height>
						<align>center</align>
						<font>font10</font>
						<textcolor>white</textcolor>
						<shadowcolor>black</shadowcolor>
						<aspectratio>keep</aspectratio>
						<onclick>PlayerControl(Play)</onclick>
						<onclick>StereoMode</onclick>
						<onclick>PlayerControl(Play)</onclick>
						<oninfo>Dialog.Close(all,true)</oninfo>
					</control>
					<control type="button" id="934">
						<texturefocus>osd/buttons/icon_subtitles.png</texturefocus>
						<texturenofocus>a.png</texturenofocus>
						<label>[B]Ρυθμίσεις[/B]</label>
						<width>140</width>
						<height>50</height>
						<align>center</align>
						<font>font10</font>
						<textcolor>white</textcolor>
						<shadowcolor>black</shadowcolor>
						<aspectratio>keep</aspectratio>
						<onclick>RunScript("special://skin/16x9/VideoSettings.py")</onclick>
						<oninfo>Dialog.Close(all,true)</oninfo>
					</control>
				</control>
			</control>
			<!-- Video Buttons (Extra) Down Player -->
			<!--control type="group">
				<top>852</top>
				<control type="grouplist" id="210">
					<top>1045</top>
					<left>430</left>
					<height>344</height>
					<width>100%</width>
					<ondown>770</ondown>
					<scrolltime tween="sine">200</scrolltime>
					<orientation>horizontal</orientation>
					<itemgap>2</itemgap>
					<visible>Control.HasFocus(770) | Control.HasFocus(743) | Control.HasFocus(744)</visible>
					<include>VisibleFadeAnimation</include>
					<control type="button" id="743">
						<texturefocus>osd/buttons/icon_subtitles.png</texturefocus>
						<texturenofocus>a.png</texturenofocus>
						<label>[B]3D[/B]</label>
						<width>120</width>
						<height>50</height>
						<align>center</align>
						<font>font12</font>
						<textcolor>white</textcolor>
						<shadowcolor>black</shadowcolor>
						<aspectratio>keep</aspectratio>
						<onclick>StereoMode</onclick>
						<oninfo>Dialog.Close(all,true)</oninfo>
					</control>
					<control type="button" id="744">
						<texturefocus>osd/buttons/icon_subtitles.png</texturefocus>
						<texturenofocus>a.png</texturenofocus>
						<label>[B]Sync[/B]</label>
						<width>120</width>
						<height>50</height>
						<align>center</align>
						<font>font12</font>
						<textcolor>white</textcolor>
						<shadowcolor>black</shadowcolor>
						<aspectratio>keep</aspectratio>
						<onclick></onclick>
						<oninfo>Dialog.Close(all,true)</oninfo>
					</control>
				</control>
			</control-->
			<control type="group">
				<top>987</top>
				<control type="grouplist" id="202">
					<height>344</height>
					<width>100%</width>
					<align>center</align>
					<scrolltime tween="sine">200</scrolltime>
					<orientation>horizontal</orientation>
					<itemgap>15</itemgap>
					<onleft>202</onleft>
					<onright>730</onright>
					<onup>730</onup>
					<visible>!VideoPlayer.Content(LiveTV)</visible>
					<animation effect="slide" end="0,955" condition="Skin.HasSetting(VideoOSDatTheBottom)">Conditional</animation>
					<control type="button" id="700">
						<texturefocus>osd/buttons/osdbookmarksfo.png</texturefocus>
						<texturenofocus>osd/buttons/osdbookmarksnf.png</texturenofocus>
						<label />
						<width>100</width>
						<height>100</height>
						<font />
						<onclick>ActivateWindow(videobookmarks)</onclick>
						<oninfo>Dialog.Close(all,true)</oninfo>
					</control>
					<control type="button" id="701">
						<texturefocus>osd/buttons/osdchannellistfo.png</texturefocus>
						<texturenofocus>osd/buttons/osdchannellistnf.png</texturenofocus>
						<label />
						<width>100</width>
						<height>100</height>
						<font />
						<onclick>Close</onclick>
						<onclick>Skin.ToggleSetting(Enable.ScreenshotMode)</onclick>
						<onclick>Notification($LOCALIZE[19098]:,$LOCALIZE[31329],1500,icon.png)</onclick>
						<onclick>AlarmClock(Take a Screenshot,TakeScreenshot,00:03,silent)</onclick>
						<onclick>AlarmClock(Reset ScreenshotMode,Skin.Reset(Enable.ScreenshotMode),00:04,silent)</onclick>
						<oninfo>Dialog.Close(all,true)</oninfo>
						<!--visible>VideoPlayer.Content(movies) | VideoPlayer.Content(episodes)</visible-->
					</control>
					<control type="button" id="702">
						<texturefocus>osd/buttons/osdaudiofo.png</texturefocus>
						<texturenofocus>osd/buttons/osdaudionf.png</texturenofocus>
						<label />
						<width>100</width>
						<height>100</height>
						<ondown>731</ondown>
						<font />
						<onclick>PlayerControl(Play)</onclick>
						<onclick>ActivateWindow(osdaudiosettings)</onclick>
						<onclick>PlayerControl(Play)</onclick>
						<oninfo>Dialog.Close(all,true)</oninfo>
						<visible>!Skin.HasSetting(VideoOSDatTheBottom)</visible>
					</control>
					<control type="button" id="760">
						<texturefocus>osd/buttons/osdaudiofo.png</texturefocus>
						<texturenofocus>osd/buttons/osdaudionf.png</texturenofocus>
						<label />
						<width>100</width>
						<height>100</height>
						<onup>736</onup>
						<font />
						<onclick>PlayerControl(Play)</onclick>
						<onclick>ActivateWindow(osdaudiosettings)</onclick>
						<onclick>PlayerControl(Play)</onclick>
						<oninfo>Dialog.Close(all,true)</oninfo>
						<visible>Skin.HasSetting(VideoOSDatTheBottom)</visible>
					</control>
					<control type="button" id="703">
						<texturefocus>osd/buttons/osdvideofo.png</texturefocus>
						<texturenofocus>osd/buttons/osdvideonf.png</texturenofocus>
						<label />
						<width>100</width>
						<height>100</height>
						<ondown>831</ondown>
						<font />
						<onclick>PlayerControl(Play)</onclick>
						<onclick>ActivateWindow(osdvideosettings)</onclick>
						<onclick>PlayerControl(Play)</onclick>
						<oninfo>Dialog.Close(all,true)</oninfo>
						<visible>!Skin.HasSetting(VideoOSDatTheBottom)</visible>
					</control>
					<control type="button" id="770">
						<texturefocus>osd/buttons/osdvideofo.png</texturefocus>
						<texturenofocus>osd/buttons/osdvideonf.png</texturenofocus>
						<label />
						<width>100</width>
						<height>100</height>
						<onup>931</onup>
						<font />
						<onclick>PlayerControl(Play)</onclick>
						<onclick>ActivateWindow(osdvideosettings)</onclick>
						<onclick>PlayerControl(Play)</onclick>
						<oninfo>Dialog.Close(all,true)</oninfo>
						<visible>Skin.HasSetting(VideoOSDatTheBottom)</visible>
					</control>
					<control type="button" id="705">
						<texturefocus>osd/buttons/osdprevtrackfo.png</texturefocus>
						<texturenofocus>osd/buttons/osdprevtracknf.png</texturenofocus>
						<label />
						<width>100</width>
						<height>100</height>
						<font />
						<onclick>PlayerControl(Previous)</onclick>
						<oninfo>Dialog.Close(all,true)</oninfo>
						<visible>!Skin.HasSetting(Disable.PlayerControlButtons)</visible>
					</control>
					<control type="button" id="706">
						<texturefocus>osd/buttons/osdrewindfo.png</texturefocus>
						<texturenofocus>osd/buttons/OSDRewindNF.png</texturenofocus>
						<label />
						<width>100</width>
						<height>100</height>
						<font />
						<onclick condition="!Player.TempoEnabled">PlayerControl(Rewind)</onclick>
						<onclick condition="Player.TempoEnabled">PlayerControl(tempodown)</onclick>
						<oninfo>Dialog.Close(all,true)</oninfo>
						<visible>!Skin.HasSetting(Disable.PlayerControlButtons)</visible>
					</control>
					<control type="button" id="707">
						<texturefocus>osd/buttons/osdstopfo.png</texturefocus>
						<texturenofocus>osd/buttons/OSDStopNF.png</texturenofocus>
						<label />
						<width>100</width>
						<height>100</height>
						<font />
						<onclick>PlayerControl(Stop)</onclick>
						<oninfo>Dialog.Close(all,true)</oninfo>
						<visible>!Skin.HasSetting(Disable.PlayerControlButtons)</visible>
					</control>
					<control type="togglebutton" id="708">
						<texturefocus>osd/buttons/osdpausefo.png</texturefocus>
						<texturenofocus>osd/buttons/osdpausenf.png</texturenofocus>
						<alttexturefocus>osd/buttons/osdplayfo.png</alttexturefocus>
						<alttexturenofocus>osd/buttons/OSDPlayNF.png</alttexturenofocus>
						<label />
						<altlabel>208</altlabel>
						<width>100</width>
						<height>100</height>
						<font />
						<usealttexture>Player.Paused | Player.Forwarding | Player.Rewinding</usealttexture>
						<onclick>PlayerControl(Play)</onclick>
						<oninfo>Dialog.Close(all,true)</oninfo>
						<visible>!Skin.HasSetting(Disable.PlayerControlButtons)</visible>
					</control>
					<control type="button" id="709">
						<texturefocus>osd/buttons/osdforwardfo.png</texturefocus>
						<texturenofocus>osd/buttons/OSDForwardNF.png</texturenofocus>
						<label />
						<width>100</width>
						<height>100</height>
						<font />
						<onclick condition="!Player.TempoEnabled">PlayerControl(Forward)</onclick>
						<onclick condition="Player.TempoEnabled">PlayerControl(tempoup)</onclick>
						<oninfo>Dialog.Close(all,true)</oninfo>
						<visible>!Skin.HasSetting(Disable.PlayerControlButtons)</visible>
					</control>
					<control type="button" id="710">
						<texturefocus>osd/buttons/osdnexttrackfo.png</texturefocus>
						<texturenofocus>osd/buttons/OSDNextTrackNF.png</texturenofocus>
						<label />
						<width>100</width>
						<height>100</height>
						<font />
						<onclick>PlayerControl(Next)</onclick>
						<oninfo>Dialog.Close(all,true)</oninfo>
						<visible>!Skin.HasSetting(Disable.PlayerControlButtons)</visible>
					</control>
					<control type="button" id="750">
						<texturefocus>osd/buttons/OSDSubtitlesFO.png</texturefocus>
						<texturenofocus>osd/buttons/OSDSubtitlesNF.png</texturenofocus>
						<label />
						<width>100</width>
						<height>100</height>
						<onup>740</onup>
						<ondown>714</ondown>
						<font />
						<onclick>PlayerControl(Play)</onclick>
						<onclick>ActivateWindow(OSDSubtitleSettings)</onclick>
						<onclick>PlayerControl(Play)</onclick>
						<oninfo>Dialog.Close(all,true)</oninfo>
						<visible>Skin.HasSetting(VideoOSDatTheBottom)</visible>
					</control>
					<control type="button" id="711">
						<texturefocus>osd/buttons/OSDSubtitlesFO.png</texturefocus>
						<texturenofocus>osd/buttons/OSDSubtitlesNF.png</texturenofocus>
						<label />
						<width>100</width>
						<height>100</height>
						<onup>740</onup>
						<ondown>714</ondown>
						<font />
						<onclick>PlayerControl(Play)</onclick>
						<onclick>ActivateWindow(OSDSubtitleSettings)</onclick>
						<onclick>PlayerControl(Play)</onclick>
						<oninfo>Dialog.Close(all,true)</oninfo>
						<visible>!Skin.HasSetting(VideoOSDatTheBottom)</visible>
					</control>
					<control type="button" id="712">
						<texturefocus>osd/buttons/OSDDvdFO.png</texturefocus>
						<texturenofocus>osd/buttons/OSDDvdNF.png</texturenofocus>
						<label />
						<width>100</width>
						<height>100</height>
						<font />
						<onclick>PlayerControl(ShowVideoMenu)</onclick>
						<oninfo>Dialog.Close(all,true)</oninfo>
						<visible>VideoPlayer.HasMenu</visible>
					</control>
					<control type="button" id="713">
						<texturefocus>osd/buttons/OSDStereoscopicFO.png</texturefocus>
						<texturenofocus>osd/buttons/OSDStereoscopicNF.png</texturenofocus>
						<label />
						<width>100</width>
						<height>100</height>
						<font />
						<onclick>StereoMode</onclick>
						<oninfo>Dialog.Close(all,true)</oninfo>
						<visible>VideoPlayer.IsStereoscopic</visible>
					</control>
					<!--control type="button" id="714">
						<texturefocus>osd/buttons/subsdown2.png</texturefocus>
						<texturenofocus>osd/buttons/subsdown.png</texturenofocus>
						<label />
						<width>100</width>
						<height>100</height>
						<font />
						<onclick>ActivateWindow(SubtitleSearch)</onclick>
						<oninfo>Dialog.Close(all,true)</oninfo>
					</control>
					<control type="button" id="715">
						<texturefocus>osd/buttons/on1.png</texturefocus>
						<texturenofocus>osd/buttons/on2.png</texturenofocus>
						<label />
						<width>100</width>
						<height>100</height>
						<font />
						<onclick>Action(ShowSubtitles)</onclick>
						<oninfo>Dialog.Close(all,true)</oninfo>
					</control>
					<control type="button" id="716">
						<texturefocus>osd/buttons/sub1.png</texturefocus>
						<texturenofocus>osd/buttons/sub2.png</texturenofocus>
						<label />
						<width>100</width>
						<height>100</height>
						<font />
						<onclick>subtitledelay</onclick>
						<oninfo>Dialog.Close(all,true)</oninfo>
					</control-->
					<control type="button" id="729">
						<texturefocus>osd/buttons/osdrepeatfo.png</texturefocus>
						<texturenofocus>osd/buttons/OSDRepeatNF.png</texturenofocus>
						<label />
						<width>100</width>
						<height>100</height>
						<font />
						<onclick>PlayerControl(Repeat)</onclick>
					</control>
					<control type="button" id="704">
						<texturefocus>osd/buttons/osdinfofo.png</texturefocus>
						<texturenofocus>osd/buttons/OSDInfoNF.png</texturenofocus>
						<label />
						<width>100</width>
						<height>100</height>
						<font />
						<onclick>Close</onclick>
						<onclick condition="!Window.IsActive(fullscreeninfo)">ActivateWindow(fullscreeninfo)</onclick>
						<onclick condition="Window.IsActive(fullscreeninfo)">Dialog.Close(all,true)</onclick>
						<oninfo>Dialog.Close(all,true)</oninfo>
					</control>
					<control type="button" id="717">
						<texturefocus>osd/buttons/OSDSkinFO.png</texturefocus>
						<texturenofocus>osd/buttons/OSDSkinNF.png</texturenofocus>
						<label />
						<width>100</width>
						<height>100</height>
						<font />
						<onclick>PlayerControl(Play)</onclick>
						<onclick>ActivateWindow(1115)</onclick>
						<onclick>PlayerControl(Play)</onclick>
						<oninfo>Dialog.Close(all,true)</oninfo>
					</control>
				</control>
				<control type="grouplist" id="718">
					<top>10</top>
					<height>144</height>
					<width>100%</width>
					<align>center</align>
					<scrolltime tween="sine">200</scrolltime>
					<orientation>horizontal</orientation>
					<onup>800</onup>
					<ondown>807</ondown>
					<onleft>202</onleft>
					<onright>202</onright>
					<visible>VideoPlayer.Content(LiveTV)</visible>
					<control type="button" id="719">
						<texturefocus>osd/buttons/osdaudiofo.png</texturefocus>
						<texturenofocus>osd/buttons/osdaudionf.png</texturenofocus>
						<label />
						<width>100</width>
						<height>100</height>
						<font />
						<onclick>ActivateWindow(osdaudiosettings)</onclick>
						<oninfo>Dialog.Close(all,true)</oninfo>
					</control>
					<control type="button" id="720">
						<texturefocus>osd/buttons/osdvideofo.png</texturefocus>
						<texturenofocus>osd/buttons/osdvideonf.png</texturenofocus>
						<label />
						<width>100</width>
						<height>100</height>
						<font />
						<onclick>ActivateWindow(osdvideosettings)</onclick>
						<oninfo>Dialog.Close(all,true)</oninfo>
					</control>
					<control type="button" id="728">
						<texturefocus>osd/buttons/OSDSubtitlesFO.png</texturefocus>
						<texturenofocus>osd/buttons/OSDSubtitlesNF.png</texturenofocus>
						<label />
						<width>100</width>
						<height>100</height>
						<font />
						<onclick>Action(Pause)</onclick>
						<onclick>ActivateWindow(OSDSubtitleSettings)</onclick>
						<oninfo>Dialog.Close(all,true)</oninfo>
					</control>
					<control type="button" id="721">
						<texturefocus>osd/buttons/OSDChannelUPFO.png</texturefocus>
						<texturenofocus>osd/buttons/OSDChannelUPNF.png</texturenofocus>
						<onclick>ChannelUp</onclick>
						<label />
						<width>100</width>
						<height>100</height>
						<font />
						<onclick>PlayerControl(Previous)</onclick>
						<oninfo>Dialog.Close(all,true)</oninfo>
					</control>
					<control type="button" id="722">
						<textoffsety>60</textoffsety>
						<texturefocus>osd/buttons/OSDChannelDownFO.png</texturefocus>
						<texturenofocus>osd/buttons/OSDChannelDownNF.png</texturenofocus>
						<onclick>ChannelDown</onclick>
						<label />
						<width>100</width>
						<height>100</height>
						<font />
						<onclick>PlayerControl(Next)</onclick>
						<oninfo>Dialog.Close(all,true)</oninfo>
					</control>
					<control type="button" id="723">
						<texturefocus>osd/buttons/osdrewindfo.png</texturefocus>
						<texturenofocus>osd/buttons/OSDRewindNF.png</texturenofocus>
						<label />
						<width>100</width>
						<height>100</height>
						<font />
						<onclick>PlayerControl(Rewind)</onclick>
						<oninfo>Dialog.Close(all,true)</oninfo>
						<visible>Player.SeekEnabled</visible>
					</control>
					<control type="togglebutton" id="724">
						<texturefocus>osd/buttons/osdpausefo.png</texturefocus>
						<texturenofocus>osd/buttons/osdpausenf.png</texturenofocus>
						<alttexturefocus>osd/buttons/osdpausenf.png</alttexturefocus>
						<alttexturenofocus>osd/buttons/OSDPlayNF.png</alttexturenofocus>
						<label />
						<altlabel>208</altlabel>
						<width>100</width>
						<height>100</height>
						<font />
						<usealttexture>Player.Paused | Player.Forwarding | Player.Rewinding</usealttexture>
						<onclick>PlayerControl(Play)</onclick>
						<oninfo>Dialog.Close(all,true)</oninfo>
						<visible>Player.PauseEnabled</visible>
					</control>
					<control type="button" id="725">
						<texturefocus>osd/buttons/osdstopfo.png</texturefocus>
						<texturenofocus>osd/buttons/OSDStopNF.png</texturenofocus>
						<label />
						<width>100</width>
						<height>100</height>
						<font />
						<onclick>PlayerControl(Stop)</onclick>
						<oninfo>Dialog.Close(all,true)</oninfo>
					</control>
					<control type="button" id="726">
						<texturefocus>osd/buttons/osdforwardfo.png</texturefocus>
						<texturenofocus>osd/buttons/OSDForwardNF.png</texturenofocus>
						<label />
						<width>100</width>
						<height>100</height>
						<font />
						<onclick>PlayerControl(Forward)</onclick>
						<oninfo>Dialog.Close(all,true)</oninfo>
						<visible>Player.SeekEnabled</visible>
					</control>
					<control type="togglebutton" id="10">
						<texturefocus>osd/buttons/OSDRecordOffFO.png</texturefocus>
						<texturenofocus>osd/buttons/OSDRecordOffNF.png</texturenofocus>
						<alttexturefocus>osd/buttons/OSDRecordOnFO.png</alttexturefocus>
						<alttexturenofocus>osd/buttons/OSDRecordOnNF.png</alttexturenofocus>
						<label />
						<altlabel>208</altlabel>
						<width>100</width>
						<height>100</height>
						<font />
						<onclick>PlayerControl(Record)</onclick>
						<oninfo>Dialog.Close(all,true)</oninfo>
						<visible>Player.CanRecord</visible>
						<usealttexture>Player.Recording</usealttexture>
					</control>
					<control type="button" id="727">
						<texturefocus>osd/buttons/osdchannellistfo.png</texturefocus>
						<texturenofocus>osd/buttons/osdchannellistnf.png</texturenofocus>
						<label />
						<width>100</width>
						<height>100</height>
						<font />
						<onclick>Dialog.Close(VideoOSD)</onclick>
						<onclick>ActivateWindow(PVROSDChannels)</onclick>
						<oninfo>Dialog.Close(all,true)</oninfo>
					</control>
					<control type="button" id="808">
						<texturefocus>osd/buttons/OSDChannelGuideFO.png</texturefocus>
						<texturenofocus>osd/buttons/OSDChannelGuideNF.png</texturenofocus>
						<label />
						<width>100</width>
						<height>100</height>
						<font />
						<onclick>Dialog.Close(VideoOSD)</onclick>
						<onclick>ActivateWindow(PVROSDGuide)</onclick>
						<oninfo>Dialog.Close(all,true)</oninfo>
					</control>
					<control type="button" id="809">
						<texturefocus>osd/buttons/OSDStereoscopicFO.png</texturefocus>
						<texturenofocus>osd/buttons/OSDStereoscopicNF.png</texturenofocus>
						<label />
						<width>100</width>
						<height>100</height>
						<font />
						<onclick>ToggleStereoMode</onclick>
						<oninfo>Dialog.Close(all,true)</oninfo>
						<visible>VideoPlayer.IsStereoscopic</visible>
					</control>
					<control type="button" id="810">
						<texturefocus>osd/buttons/OSDGuideFO.png</texturefocus>
						<texturenofocus>osd/buttons/OSDGuideNF.png</texturenofocus>
						<label />
						<width>100</width>
						<height>100</height>
						<font />
						<onclick>Dialog.Close(VideoOSD)</onclick>
						<onclick>ActivateWindow(TVGuide)</onclick>
						<oninfo>Dialog.Close(all,true)</oninfo>
					</control>
					<control type="button" id="811">
						<texturefocus>osd/buttons/OSDTeleTextFO.png</texturefocus>
						<texturenofocus>osd/buttons/OSDTeleTextNF.png</texturenofocus>
						<label />
						<width>100</width>
						<height>100</height>
						<font />
						<onclick>ActivateWindow(Teletext)</onclick>
						<oninfo>Dialog.Close(all,true)</oninfo>
					</control>
					<control type="button" id="812">
						<texturefocus>osd/buttons/OSDSkinFO.png</texturefocus>
						<texturenofocus>osd/buttons/OSDSkinNF.png</texturenofocus>
						<label />
						<width>100</width>
						<height>100</height>
						<font />
						<onclick>ActivateWindow(1150)</onclick>
						<oninfo>Dialog.Close(all,true)</oninfo>
					</control>
				</control>
				<!-- Close Button (Extra)-->
				<control type="button" id="730">
					<top>10</top>
					<left>1850</left>
					<texturefocus>osd/buttons/icon_subtitles.png</texturefocus>
					<texturenofocus>a.png</texturenofocus>
					<label>[B]X[/B]</label>
					<width>70</width>
					<height>30</height>
					<onleft>812</onleft>
					<onright>717</onright>
					<ondown>717</ondown>
					<ondown>812</ondown>
					<align>center</align>
					<font>font10</font>
					<textcolor>white</textcolor>
					<shadowcolor>black</shadowcolor>
					<aspectratio>keep</aspectratio>
					<onclick>PlayerControl(Stop)</onclick>
					<oninfo>Dialog.Close(all,true)</oninfo>
					<visible></visible>
				</control>
			</control>
		</control>
	</controls>
</window>