{
    "name" : "[B][COLOR orange]ΑΤΛΑΣ - [COLOR tomato]Myvideolink[/COLOR][/B]",
    "icon"              : "special://home/addons/plugin.video.atlas/resources/icons/myvideolinks.png",
    ""                  : "plugin.video.atlas",
    "api_language"      : "en-US",
    "priority"          : 12,
    "is_resolvable"     : "true",
    "play_movie"      : [
                            "plugin://plugin.video.atlas/?mode=101",
                            {"keyboard": "{clearname} {year}"},
                            {"dialog": "clearname"},
                            {"dialog": "clearname"}
                          ],
    "play_episode"    : [
                            "plugin://plugin.video.atlas/?mode=101",
                            {"keyboard": "{clearname}"},
                            {"dialog": "clearname"},
                            {"dialog": "clearname"}
                          ]
}
