{
    "name" : "[B][COLOR orange]ΑΤΛΑΣ - [COLOR orange]Anymovies[/COLOR][/B]",
    "icon"              : "special://home/addons/plugin.video.atlas/resources/icons/anymovies.png",
    ""                  : "",
    "api_language"      : "en-US",
    "priority"          : 13,
    "is_resolvable"     : "true",
    "play_movie"      : [
                            "plugin://plugin.video.atlas/?mode=90",
                            {"keyboard": "{clearname} {year}"},
                            {"dialog": "clearname"},
                            {"dialog": "clearname"}
                          ]
}
