{
    "name"          : "[B][COLOR deeppink]2. The Crew[/COLOR][/B] αναζήτηση...",
    "api_language"  : "en-US",
    "plugin"        : "plugin.video.thecrew",
    "priority"      : 25,
    "play_movie"    : [
                        "plugin://plugin.video.thecrew/?action=movieSearch",
                        {"position": "1"},
                        {"keyboard": "{clearname}"},
                        {"imdbnumber": "{imdb}"}
                      ],
    "play_episode"  : [
                        "plugin://plugin.video.thecrew/?action=tvSearch",
                        {"position": "1"},
                        {"keyboard": "{clearname}"},
                        {"imdbnumber": "{imdb}"},
                        {"season": "{season}"},
                        {"episode": "{episode}"}
                      ],
    "is_resolvable"     : "false"
}