{
    "name" : "[B][COLOR magenta]TheMovieDb [/COLOR][/B] search by title...",
    "plugin"            : "plugin.video.themoviedb.helper",
    "priority"          : 4,
    "is_resolvable"     : "true",
    "play_movie"      : [
                            "plugin://plugin.video.themoviedb.helper/?info=search&tmdb_type=movie",
                            {"dialog": "auto"},
                            {"keyboard": "{showname}"}

                          ],
    "play_episode"    : [
                            "plugin://plugin.video.themoviedb.helper/?info=search&tmdb_type=tv",
                            {"dialog": "auto"},
                            {"keyboard": "{showname}"},
                            {"season": "{season}"},
                            {"season": "{season}", "episode": "{episode}"}
                          ]
}
