{"copyright":"MET Norway","licenseURL":"https://api.met.no/license_data.html","type":"Feature","geometry":{"type":"Point","coordinates":[22.4333,38.9]},"when":{"interval":["2025-12-23T22:30:00Z","2025-12-24T22:30:00Z"]},"properties":{"body":"Moon","moonrise":{"time":"2025-12-24T08:49+00:00","azimuth":110.86},"moonset":{"time":"2025-12-24T19:28+00:00","azimuth":252.21},"high_moon":{"time":"2025-12-24T14:04+00:00","disc_centre_elevation":35.45,"visible":true},"low_moon":{"time":"2025-12-24T01:41+00:00","disc_centre_elevation":-68.93,"visible":false},"moonphase":43.56}}