{
    "name"          : "[B][COLOR purple]Scrubsv2[/COLOR][/B] [B][COLOR white](Scrapers)[/COLOR][/B]",
    "api_language"  : "en-US",
    "plugin"        : "plugin.video.scrubsv2",
    "priority"      : 5,
    "play_movie"    : [
                        "plugin://plugin.video.scrubsv2/?action=play&title={title_+}&year={year}&imdb={imdb}",
                        {"keyboard": "{clearname}"},
                        {"dialog": "clearname"},
                        {"dialog": "clearname"}
                      ],
    "play_episode"  : [
                        "plugin://plugin.video.scrubsv2/?action=play&title={title_+}&year={year}&imdb={imdb}&tvdb={id}&season={season}&episode={episode}&tvshowtitle={clearname_+}",
                        {"keyboard": "{clearname}"},
                        {"dialog": "clearname"},
                        {"dialog": "clearname"}
                      ],
    "is_resolvable"     : "true"
}