{
    "name" : "[B][COLOR gray]Gratis[/COLOR][/B]",
    "plugin"            : "plugin.video.gratis",
    "api_language"      : "en-US",
    "priority"          : 141,
    "is_resolvable"     : "true",
    "play_movie"      : [
                            "plugin://plugin.video.gratis/?mode=vc_search",
                            {"keyboard": "{clearname}"},
                            {"dialog": "clearname"},
                            {"dialog": "clearname"}
                          ],
    "play_episode"    : [
                            "plugin://plugin.video.gratis/?mode=vc_search",
                            {"keyboard": "{clearname}"},
                            {"dialog": "clearname"},
                            {"dialog": "clearname"}
                          ]
}
