{
    "name"              : "[B][COLOR gray]Seren[/COLOR][/B]",
    "plugin"            : "plugin.video.seren",
    "priority"          : 55,
    "is_resolvable"     : "true",
    "play_movie"        : "plugin://plugin.video.seren/?action=getSources&actionArgs=%7B%22item_type%22%3A%20%22movie%22%2C%20%22trakt_id%22%3A%20{trakt}%7D",
    "play_episode"      : "plugin://plugin.video.seren/?action=getSources&actionArgs=%7B%22episode%22%3A%20{episode}%2C%20%22item_type%22%3A%20%22episode%22%2C%20%22season%22%3A%20{season}%2C%20%22trakt_id%22%3A%20{trakt}%7D"
}