<shortcuts>
	<shortcut>
		<defaultID>plugin.video.AliveGR</defaultID>
		<label>AliveGR</label>
		<label2>Custom item</label2>
		<icon>special://home/addons\plugin.video.AliveGR\resources\media\icon.png</icon>
		<thumb />
		<action>ActivateWindow(Videos,"plugin://plugin.video.AliveGR/?action=listing&amp;url=http%3A%2F%2Fgreek-movies.com%2Fmovies.php%3Fg%3D6%26y%3D%26l%3D%26p%3D&amp;title=%CE%9D%CF%84%CE%BF%CE%BA%CF%85%CE%BC%CE%B1%CE%BD%CF%84%CE%AD%CF%81",return)</action>
	</shortcut>
	<shortcut>
		<defaultID />
		<label>Placenta</label>
		<label2>Πρόσθετο Βίντεο</label2>
		<icon>special://home/addons\plugin.video.placenta\icon.png</icon>
		<thumb />
		<action>ActivateWindow(Videos,"plugin://plugin.video.placenta/?action=movies&amp;url=https%3A%2F%2Fwww.imdb.com%2Fsearch%2Ftitle%3Ftitle_type%3Dfeature%2Ctv_movie%2Cdocumentary%26num_votes%3D100%2C%26release_date%3D%2Cdate%5B0%5D%26genres%3Ddocumentary%26sort%3Dmoviemeter%2Casc%26count%3D40%26start%3D1",return)</action>
		<visible>System.HasAddon(plugin.video.placenta)</visible>
	</shortcut>
	<shortcut>
		<defaultID />
		<label>Atlas</label>
		<label2>Πρόσθετο Βίντεο</label2>
		<icon>special://home/addons\plugin.video.atlas\icon.png</icon>
		<thumb>thumb</thumb>
		<action>ActivateWindow(Videos,"plugin://plugin.video.atlas/?url=&amp;mode=81&amp;name=%5BB%5D%5BCOLOR+white%5D%CE%9D%CF%84%CE%BF%CE%BA%CE%B9%CE%BC%CE%B1%CE%BD%CF%84%CE%AD%CF%81%5B%2FCOLOR%5D%5B%2FB%5D&amp;iconimage=http%3A%2F%2Fi.imgur.com%2FjTaJF0B.png&amp;description=",return)</action>
	</shortcut>
	<shortcut>
		<defaultID />
		<label>ErtFlix</label>
		<label2>Πρόσθετο Βίντεο</label2>
		<icon>special://home/addons\plugin.video.ert.gr\icon.png</icon>
		<thumb />
		<action>ActivateWindow(Videos,"plugin://plugin.video.ert.gr/?action=listing&amp;url=https%3A%2F%2Fwww.ertflix.gr%2Fshow%2Fdocumentary&amp;title=%CE%9D%CF%84%CE%BF%CE%BA%CF%85%CE%BC%CE%B1%CE%BD%CF%84%CE%AD%CF%81",return)</action>
	</shortcut>
	<shortcut>
		<defaultID />
		<label>Προτιμήσεις</label>
		<label2>Custom item</label2>
		<icon>special://home/addons\plugin.program.mypreferences\icon.png</icon>
		<thumb />
		<action>ActivateWindow(Videos,"plugin://plugin.program.mypreferences/?label=6.NTOKYMANTEP&amp;mode=400&amp;path=special%3A%2F%2Fprofile%2Faddon_data%2Fplugin.program.mypreferences%5C6.NTOKYMANTEP",return)</action>
	</shortcut>
	<shortcut>
		<defaultID />
		<label>Homelander</label>
		<label2>Πρόσθετο Βίντεο</label2>
		<icon>special://home/addons\plugin.video.homelander\icon.png</icon>
		<thumb />
		<action>ActivateWindow(Videos,"plugin://plugin.video.homelander/?action=movies&amp;url=https%3A%2F%2Fwww.imdb.com%2Fsearch%2Ftitle%3Ftitle_type%3Dmovie%2CtvMovie%2Cdocumentary%26release_date%3D%2Cdate%5B0%5D%26genres%3Ddocumentary%26sort%3Dmoviemeter%2Casc%26count%3D20%26start%3D1",return)</action>
	</shortcut>
	<shortcut>
		<defaultID />
		<label>TheOath</label>
		<label2>Πρόσθετο Βίντεο</label2>
		<icon>special://home/addons\plugin.video.theoath\icon.png</icon>
		<thumb />
		<action>ActivateWindow(Videos,"plugin://plugin.video.theoath/?action=movies&amp;url=https%3A%2F%2Fwww.imdb.com%2Fsearch%2Ftitle%3Ftitle_type%3Dfeature%2Ctv_movie%2Cdocumentary%26num_votes%3D100%2C%26release_date%3D%2Cdate%5B0%5D%26genres%3Ddocumentary%26sort%3Dmoviemeter%2Casc%26count%3D20%26start%3D1",return)</action>
		<visible>System.HasAddon(plugin.video.theoath)</visible>
	</shortcut>
	<shortcut>
		<defaultID />
		<label>Seren</label>
		<label2>Πρόσθετο Βίντεο</label2>
		<icon>special://home/addons/plugin.image.TechNEWSology/resources/media/seren.jpg</icon>
		<thumb />
		<action>ActivateWindow(Videos,"plugin://plugin.video.seren/?action=movieGenresGet&amp;action_args=documentary&amp;from_widget=true",return)</action>
	</shortcut>
	<shortcut>
		<defaultID />
		<label>Shadow</label>
		<label2>Πρόσθετο Βίντεο</label2>
		<icon>special://home/addons/plugin.image.TechNEWSology/resources/media/shadow.png</icon>
		<thumb />
		<action>ActivateWindow(Videos,"plugin://plugin.video.shadow/?mode=14&amp;iconimage=https%3A%2F%2Fwordsfromjalynn.files.wordpress.com%2F2014%2F12%2Fmovie-genres-1.png&amp;fanart=https%3A%2F%2Fwordsfromjalynn.files.wordpress.com%2F2014%2F12%2Fmovie-genres-1.png&amp;description=%CE%9D%CF%84%CE%BF%CE%BA%CF%85%CE%BC%CE%B1%CE%BD%CF%84%CE%AD%CF%81&amp;url=http%3A%2F%2Fapi.themoviedb.org%2F3%2Fgenre%2F99%2Fmovies%3Fapi_key%3D34142515d9d23817496eeb4ff1d223d0%26language%3Del%26page%3D1&amp;name=%CE%9D%CF%84%CE%BF%CE%BA%CF%85%CE%BC%CE%B1%CE%BD%CF%84%CE%AD%CF%81&amp;image_master=&amp;heb_name=+&amp;last_id=&amp;dates=+&amp;data=+&amp;original_title=+&amp;id=+&amp;season=+&amp;episode=+&amp;tmdbid=+&amp;eng_name=+&amp;show_original_year=+&amp;isr=0&amp;fav_status=false&amp;all_w=%7B%7D&amp;search_db=&amp;iconimage=https%3A%2F%2Fwordsfromjalynn.files.wordpress.com%2F2014%2F12%2Fmovie-genres-1.png&amp;fanart=https%3A%2F%2Fwordsfromjalynn.files.wordpress.com%2F2014%2F12%2Fmovie-genres-1.png&amp;description=%CE%9D%CF%84%CE%BF%CE%BA%CF%85%CE%BC%CE%B1%CE%BD%CF%84%CE%AD%CF%81&amp;url=http%3A%2F%2Fapi.themoviedb.org%2F3%2Fgenre%2F99%2Fmovies%3Fapi_key%3D34142515d9d23817496eeb4ff1d223d0%26language%3Del%26page%3D1&amp;name=%CE%9D%CF%84%CE%BF%CE%BA%CF%85%CE%BC%CE%B1%CE%BD%CF%84%CE%AD%CF%81&amp;image_master=&amp;heb_name=+&amp;last_id=&amp;dates=+&amp;data=+&amp;original_title=+&amp;id=+&amp;season=+&amp;episode=+&amp;tmdbid=+&amp;eng_name=+&amp;show_original_year=+&amp;fav_status=false&amp;all_w=%7B%7D&amp;search_db=&amp;video_data=%7B%22title%22%3A+%22%5Cu039d%5Cu03c4%5Cu03bf%5Cu03ba%5Cu03c5%5Cu03bc%5Cu03b1%5Cu03bd%5Cu03c4%5Cu03ad%5Cu03c1%22%2C+%22mediatype%22%3A+%22movie%22%2C+%22TVshowtitle%22%3A+%22%22%2C+%22season%22%3A+0%2C+%22episode%22%3A+0%2C+%22OriginalTitle%22%3A+%22+%22%2C+%22rating%22%3A+%220%22%2C+%22plot%22%3A+%22%5Cu039d%5Cu03c4%5Cu03bf%5Cu03ba%5Cu03c5%5Cu03bc%5Cu03b1%5Cu03bd%5Cu03c4%5Cu03ad%5Cu03c1%22%2C+%22Tag%22%3A+%2218%22%2C+%22id%22%3A+%22+%22%7D&amp;video_data=%7B%22title%22%3A+%22%5Cu039d%5Cu03c4%5Cu03bf%5Cu03ba%5Cu03c5%5Cu03bc%5Cu03b1%5Cu03bd%5Cu03c4%5Cu03ad%5Cu03c1%22%2C+%22mediatype%22%3A+%22movie%22%2C+%22TVshowtitle%22%3A+%22%22%2C+%22season%22%3A+0%2C+%22episode%22%3A+0%2C+%22OriginalTitle%22%3A+%22+%22%2C+%22rating%22%3A+%220%22%2C+%22plot%22%3A+%22%5Cu039d%5Cu03c4%5Cu03bf%5Cu03ba%5Cu03c5%5Cu03bc%5Cu03b1%5Cu03bd%5Cu03c4%5Cu03ad%5Cu03c1%22%2C+%22Tag%22%3A+%2218%22%2C+%22id%22%3A+%22+%22%7D",return)</action>
	</shortcut>
	<shortcut>
		<defaultID />
		<label>Benelli-P30 </label>
		<label2>Πρόσθετο Βίντεο</label2>
		<icon>DefaultShortcut.png</icon>
		<thumb>https://a.scdn.gr/images/sku_main_images/027160/27160677/large_20210216132308_gamo_chartinoi_stochoi.jpeg</thumb>
		<action>ActivateWindow(Videos,"plugin://plugin.program.autowidget/?mode=group&amp;group=benelli-p30_-1644503351.316142&amp;refresh=&amp;reload=",return)</action>
	</shortcut>
	<shortcut>
		<defaultID>plugin.video.tvone/list_channels/6</defaultID>
		<label>TvOne</label>
		<label2>Πρόσθετο Βίντεο</label2>
		<icon>special://home/addons/plugin.image.TechNEWSology/resources/media/TVONE.png</icon>
		<thumb />
		<action>ActivateWindow(Videos,"plugin://plugin.video.tvone/list_channels/6",return)</action>
	</shortcut>
	<shortcut>
		<defaultID>plugin.video.tvone11/list_channels/16</defaultID>
		<label>TvOne11</label>
		<label2>Πρόσθετο Βίντεο</label2>
		<icon>special://home/addons/plugin.image.TechNEWSology/resources/media/TVONE11.png</icon>
		<thumb />
		<action>ActivateWindow(Videos,"plugin://plugin.video.tvone11/list_channels/16",return)</action>
	</shortcut>
	<shortcut>
		<defaultID>plugin.video.tvone112/list_channels/65</defaultID>
		<label>TvOne112</label>
		<label2>Πρόσθετο Βίντεο</label2>
		<icon>special://home/addons/plugin.video.tvone112/icon.png</icon>
		<thumb>thumb</thumb>
		<action>ActivateWindow(Videos,"plugin://plugin.video.tvone112/list_channels/65",return)</action>
	</shortcut>
	<shortcut>
		<defaultID>plugin.video.tvone1112/list_channels/10</defaultID>
		<label>TvOne1112</label>
		<label2>Πρόσθετο Βίντεο</label2>
		<icon>special://home/addons/plugin.video.tvone1112/icon.png</icon>
		<thumb>thumb</thumb>
		<action>ActivateWindow(Videos,"plugin://plugin.video.tvone1112/list_channels/10",return)</action>
	</shortcut>
</shortcuts>
