<?xml version='1.0' encoding='UTF-8'?>
<shortcuts>
	<shortcut>
		<defaultID />
		<label>Αναζήτηση</label>
		<label2>Πρόσθετο Βίντεο</label2>
		<icon>special://home/addons/plugin.image.TechNEWSology/resources/media/search.png</icon>
		<thumb />
		<action>RunScript("special://home/addons/plugin.program.autowidget/folders/py/Search_kids.py")</action>
	</shortcut>
	<shortcut>
		<defaultID />
		<label>Atlas</label>
		<label2>Πρόσθετο Βίντεο</label2>
		<icon>special://home/addons\plugin.video.atlas\icon.png</icon>
		<thumb>thumb</thumb>
		<action>ActivateWindow(Videos,"plugin://plugin.video.atlas/?url=&amp;mode=80&amp;name=%5BB%5D%5BCOLOR+white%5D%CE%A0%CE%B1%CE%B9%CE%B4%CE%B9%CE%BA%CE%AE+%CE%A7%CE%B1%CF%81%CE%AC%5B%2FCOLOR%5D%5B%2FB%5D&amp;iconimage=http%3A%2F%2Fi.imgur.com%2FT8NlaOf.png&amp;description=",return)</action>
	</shortcut>
	<shortcut>
		<defaultID>plugin.video.cartoonsgr</defaultID>
		<label>CartoonsGR</label>
		<label2>Πρόσθετο Βίντεο</label2>
		<icon>special://home/addons/plugin.image.TechNEWSology/resources/media/cartoonsgr.png</icon>
		<thumb />
		<action>ActivateWindow(Videos,"plugin://plugin.video.cartoonsgr",return)</action>
	</shortcut>
	<shortcut>
		<defaultID />
		<label>Προτιμήσεις</label>
		<label2>Custom item</label2>
		<icon>special://home/addons\plugin.program.mypreferences\icon.png</icon>
		<thumb />
		<action>ActivateWindow(Videos,"plugin://plugin.program.mypreferences/?label=7.PAIDIKA&amp;mode=400&amp;path=special%3A%2F%2Fprofile%2Faddon_data%2Fplugin.program.mypreferences%5C7.PAIDIKA",return)</action>
	</shortcut>
	<shortcut>
		<defaultID />
		<label>AliveGr</label>
		<label2>Πρόσθετο Βίντεο</label2>
		<icon>special://home/addons\plugin.video.AliveGR\resources\media\icon.png</icon>
		<thumb />
		<action>ActivateWindow(Videos,"plugin://plugin.video.AliveGR/?action=kids&amp;title=%CE%93%CE%B9%CE%B1+%CF%84%CE%B1+%CF%80%CE%B1%CE%B9%CE%B4%CE%B9%CE%AC",return)</action>
	</shortcut>
	<shortcut>
		<defaultID />
		<label>ERTFLIX</label>
		<label2>Πρόσθετο Βίντεο</label2>
		<icon>special://home/addons\plugin.video.ert.gr\icon.png</icon>
		<thumb />
		<action>ActivateWindow(Videos,"plugin://plugin.video.ert.gr/?action=categories&amp;url=https%3A%2F%2Fwww.ertflix.gr%2Fshow%2Fchildren&amp;title=%CE%93%CE%B9%CE%B1+%CF%84%CE%B1+%CF%80%CE%B1%CE%B9%CE%B4%CE%B9%CE%AC",return)</action>
	</shortcut>
	<shortcut>
		<defaultID />
		<label>Homelander</label>
		<label2>Πρόσθετο Βίντεο</label2>
		<icon>special://home/addons\plugin.video.homelander\icon.png</icon>
		<thumb />
		<action>ActivateWindow(Videos,"plugin://plugin.video.homelander/?action=movies&amp;url=https%3A%2F%2Fwww.imdb.com%2Fsearch%2Ftitle%3Ftitle_type%3Dmovie%2CtvMovie%2Cdocumentary%26release_date%3D%2Cdate%5B0%5D%26genres%3Danimation%26sort%3Dmoviemeter%2Casc%26count%3D20%26start%3D1",return)</action>
	</shortcut>
	<shortcut>
		<defaultID />
		<label>Placenta Kids</label>
		<label2>Πρόσθετο Βίντεο</label2>
		<icon>DefaultShortcut.png</icon>
		<thumb>https://encrypted-tbn0.gstatic.com/images?q=tbn:ANd9GcR7b5OvVm4lkND7tDyGYFuYAoae2-LXhbYqlMwv-3_h4QAZ32xtOWhQtyi983CrNM1O5ZA</thumb>
		<action>ActivateWindow(Videos,"plugin://plugin.program.autowidget/?mode=group&amp;group=placenta_kids-1644507949.7608745&amp;refresh=&amp;reload=",return)</action>
	</shortcut>
	<shortcut>
		<defaultID />
		<label>Thunder</label>
		<label2>Πρόσθετο Βίντεο</label2>
		<icon>special://home/addons/plugin.image.TechNEWSology/resources/media/thunder.png</icon>
		<thumb />
		<action>ActivateWindow(Videos,"plugin://plugin.video.thethunder/?name=%5BB%5DAnimes%5B%2FB%5D&amp;action=animes&amp;mediatype=video&amp;iconimage=C%3A%5CUsers%5Chplap%5CAppData%5CRoaming%5CKodi%5Caddons%5Cplugin.video.thethunder%5Cresources%5Cmedia%5Canimes.png",return)</action>
	</shortcut>
	<shortcut>
		<defaultID />
		<label>Kids Youtube</label>
		<label2>Πρόσθετο Βίντεο</label2>
		<icon>special://home/addons/plugin.image.TechNEWSology/resources/media/youtube_kids.png</icon>
		<thumb />
		<action>ActivateWindow(Videos,"plugin://plugin.program.super.favourites/?label=Kids+Youtube&amp;mode=400&amp;path=special%3A%2F%2Fhome%2Faddons%2Fplugin.program.super.favourites%2Ffolders%5CSuper+Favourites%5CKids+Youtube&amp;image=https%3A%2F%2Fyt3.ggpht.com%2Fa%2FAGF-l79SF96s5CCdoeJ5DIfGoWUrpwk1dCrsZJ0CTw%3Ds800-c-k-c0xffffffff-no-rj-mo&amp;fanart=https%3A%2F%2Fyt3.ggpht.com%2FqDgSRjE_UeWPdLF7gs9eHVXwotFF2UzkFoAFEUMziRucFiPLzYqW3E-kIy01ACNpUkza7vyBAw&amp;content_type=",return)</action>
	</shortcut>
	<shortcut>
		<defaultID />
		<label>The Crew</label>
		<label2>Πρόσθετο Βίντεο</label2>
		<icon>DefaultShortcut.png</icon>
		<thumb>special://home/addons/plugin.image.TechNEWSology/resources/media/crew.jpg</thumb>
		<action>ActivateWindow(Videos,"plugin://plugin.video.thecrew/?action=kidsgreyNavigator",return)</action>
	</shortcut>
	<shortcut>
		<defaultID>plugin.video.tvone/list_channels/7</defaultID>
		<label>TvOne</label>
		<label2>Πρόσθετο Βίντεο</label2>
		<icon>special://home/addons/plugin.image.TechNEWSology/resources/media/TVONE1.png</icon>
		<thumb>thumb</thumb>
		<action>ActivateWindow(Videos,"plugin://plugin.video.tvone/list_channels/7",return)</action>
	</shortcut>
	<shortcut>
		<defaultID>plugin.video.tvone11/list_channels/15</defaultID>
		<label>TvOne11</label>
		<label2>Πρόσθετο Βίντεο</label2>
		<icon>special://home/addons/plugin.image.TechNEWSology/resources/media/TVONE11.png</icon>
		<thumb />
		<action>ActivateWindow(Videos,"plugin://plugin.video.tvone11/list_channels/15",return)</action>
	</shortcut>
	<shortcut>
		<defaultID>plugin.video.tvone111/list_channels/6</defaultID>
		<label>TvOne111</label>
		<label2>Πρόσθετο Βίντεο</label2>
		<icon>DefaultShortcut.png</icon>
		<thumb>special://home/addons/plugin.video.tvone111/icon.png</thumb>
		<action>ActivateWindow(Videos,"plugin://plugin.video.tvone111/list_channels/6",return)</action>
	</shortcut>
	<shortcut>
		<defaultID>plugin.video.tvone112/list_channels/77</defaultID>
		<label>TvOne112</label>
		<label2>Πρόσθετο Βίντεο</label2>
		<icon>special://home/addons/plugin.video.tvone112/icon.png</icon>
		<thumb>thumb</thumb>
		<action>ActivateWindow(Videos,"plugin://plugin.video.tvone112/list_channels/77",return)</action>
	</shortcut>
	<shortcut>
		<defaultID>plugin.video.tvone1112/list_channels/6</defaultID>
		<label>TvOne1112</label>
		<label2>Πρόσθετο Βίντεο</label2>
		<icon>special://home/addons/plugin.video.tvone1112/icon.png</icon>
		<thumb>thumb</thumb>
		<action>ActivateWindow(Videos,"plugin://plugin.video.tvone1112/list_channels/6",return)</action>
	</shortcut>
</shortcuts>
