<shortcuts>
	<shortcut>
		<defaultID />
		<label>Live Now</label>
		<label2>Custom item</label2>
		<icon>special://home/addons/plugin.image.TechNEWSology/resources/media/sportstv.png</icon>
		<thumb />
		<action>RunScript("special://home/addons/plugin.program.autowidget/folders/py/Live_Now.py")</action>
	</shortcut>
	<shortcut>
		<defaultID>plugin.video.sporthdme</defaultID>
		<label>SportHD</label>
		<label2>Πρόσθετο Βίντεο</label2>
		<icon>DefaultShortcut.png</icon>
		<thumb>special://home/addons\plugin.video.sporthdme\icon.png</thumb>
		<action>ActivateWindow(Videos,"plugin://plugin.video.sporthdme",return)</action>
	</shortcut>
	<shortcut>
		<defaultID />
		<label>DaddyLive</label>
		<label2>Πρόσθετο Βίντεο</label2>
		<icon>special://home/addons\plugin.video.atlas\icon.png</icon>
		<thumb />
		<action>ActivateWindow(Videos,"plugin://plugin.video.atlas/?url=&amp;mode=240&amp;name=%5BB%5D%5BCOLOR+white%5D%CE%96%CF%89%CE%BD%CF%84%CE%B1%CE%BD%CE%AC+DaddyLive%5B%2FCOLOR%5D%5B%2FB%5D&amp;iconimage=http%3A%2F%2Fi.imgur.com%2FedOpGQt.png&amp;description=",return)</action>
	</shortcut>
	<shortcut>
		<defaultID />
		<label>Προτιμήσεις</label>
		<label2>Custom item</label2>
		<icon>special://home/addons\plugin.program.mypreferences\icon.png</icon>
		<thumb />
		<action>ActivateWindow(Videos,"plugin://plugin.program.mypreferences/?label=5.SPOR&amp;mode=400&amp;path=special%3A%2F%2Fprofile%2Faddon_data%2Fplugin.program.mypreferences%5C5.SPOR",return)</action>
	</shortcut>
	<shortcut>
		<defaultID>plugin.video.Rising.Tides</defaultID>
		<label>Rising Tides</label>
		<label2>Πρόσθετο Βίντεο</label2>
		<icon>special://home/addons/plugin.image.TechNEWSology/resources/media/Rising.png</icon>
		<thumb />
		<action>ActivateWindow(Videos,"plugin://plugin.video.Rising.Tides",return)</action>
	</shortcut>
	<shortcut>
		<defaultID>plugin.video.the-loop</defaultID>
		<label>The Loop</label>
		<label2>Πρόσθετο Βίντεο</label2>
		<icon>special://home/addons/plugin.image.TechNEWSology/resources/media/loop.png</icon>
		<thumb />
		<action>ActivateWindow(Videos,"plugin://plugin.video.the-loop",return)</action>
	</shortcut>
	<shortcut>
		<defaultID>plugin.video.winner</defaultID>
		<label>Winner</label>
		<label2>Πρόσθετο Βίντεο</label2>
		<icon>special://home/addons/plugin.image.TechNEWSology/resources/media/winner2.png</icon>
		<thumb>special://home/addons\plugin.video.winner\icon.png</thumb>
		<action>ActivateWindow(Videos,"plugin://plugin.video.winner",return)</action>
	</shortcut>
	<shortcut>
		<defaultID>plugin.video.sportliveevents</defaultID>
		<label>Sport LIVE</label>
		<label2>Πρόσθετο Βίντεο</label2>
		<icon>special://home/addons/plugin.image.TechNEWSology/resources/media/spor.png</icon>
		<thumb />
		<action>ActivateWindow(Videos,"plugin://plugin.video.sportliveevents",return)</action>
	</shortcut>
	<shortcut>
		<defaultID>plugin.video.apex_sports</defaultID>
		<label>ApeX Sports</label>
		<label2>Πρόσθετο Βίντεο</label2>
		<icon>DefaultShortcut.png</icon>
		<thumb>special://home/addons\plugin.video.apex_sports\icon.jpg</thumb>
		<action>ActivateWindow(Videos,"plugin://plugin.video.apex_sports",return)</action>
	</shortcut>
	<shortcut>
		<defaultID>plugin.video.madtitansports</defaultID>
		<label>Mad Titan Sports</label>
		<label2>Πρόσθετο Βίντεο</label2>
		<icon>special://home/addons/plugin.image.TechNEWSology/resources/media/madtitansports.png</icon>
		<thumb />
		<action>ActivateWindow(Videos,"plugin://plugin.video.madtitansports",return)</action>
	</shortcut>
	<shortcut>
		<defaultID />
		<label>Gratis</label>
		<label2>Πρόσθετο Βίντεο</label2>
		<icon>special://home/addons/plugin.image.TechNEWSology/resources/media/gratis.png</icon>
		<thumb />
		<action>ActivateWindow(Videos,"plugin://plugin.video.gratis/?name=Live+Sports&amp;url=&amp;mode=live_main&amp;icon=C%3A%5CUsers%5Chplap%5CAppData%5CRoaming%5CKodi%5Caddons%5Cplugin.video.gratis%5Cicon.png&amp;fanart=C%3A%5CUsers%5Chplap%5CAppData%5CRoaming%5CKodi%5Caddons%5Cplugin.video.gratis%5Cfanart.jpg&amp;description=Live+Sports&amp;name2=&amp;page=&amp;foldername=&amp;mediatype=&amp;_id=&amp;season_number=&amp;episode_number=",return)</action>
	</shortcut>
	<shortcut>
		<defaultID>plugin.video.daddylive</defaultID>
		<label>Daddylive</label>
		<label2>Πρόσθετο Βίντεο</label2>
		<icon>special://home/addons/plugin.image.TechNEWSology/resources/media/daddylive.png</icon>
		<thumb />
		<action>ActivateWindow(Videos,"plugin://plugin.video.daddylive",return)</action>
	</shortcut>
	<shortcut>
		<defaultID>plugin.video.PLsportowo</defaultID>
		<label>Sportowa TV</label>
		<label2>Πρόσθετο Βίντεο</label2>
		<icon>DefaultShortcut.png</icon>
		<thumb>special://home/addons\plugin.video.PLsportowo\icon.png</thumb>
		<action>ActivateWindow(Videos,"plugin://plugin.video.PLsportowo",return)</action>
	</shortcut>
	<shortcut>
		<defaultID>plugin.video.centrysports</defaultID>
		<label>Centry Sports</label>
		<label2>Πρόσθετο Βίντεο</label2>
		<icon>special://home/addons/plugin.image.TechNEWSology/resources/media/centrysports.png</icon>
		<thumb />
		<action>ActivateWindow(Videos,"plugin://plugin.video.centrysports",return)</action>
	</shortcut>
	<shortcut>
		<defaultID>plugin.video.tide</defaultID>
		<label>Tide</label>
		<label2>Πρόσθετο Βίντεο</label2>
		<icon>special://home/addons/plugin.image.TechNEWSology/resources/media/tide.png</icon>
		<thumb />
		<action>ActivateWindow(Videos,"plugin://plugin.video.tide",return)</action>
	</shortcut>
	<shortcut>
		<defaultID />
		<label>Ghost</label>
		<label2>Πρόσθετο Βίντεο</label2>
		<icon>special://home/addons/plugin.image.TechNEWSology/resources/media/ghost.png</icon>
		<thumb />
		<action>ActivateWindow(10025,"plugin://plugin.video.thecrew/?action=directory&amp;content=0&amp;url=https%3a%2f%2fia902509.us.archive.org%2f2%2fitems%2fsportsreplays%2fsportsreplays.xml")</action>
	</shortcut>
	<shortcut>
		<defaultID />
		<label>Purely Wrestling</label>
		<label2>Πρόσθετο Βίντεο</label2>
		<icon>special://home/addons/plugin.image.TechNEWSology/resources/media/Wrestling.jpg</icon>
		<thumb />
		<action>ActivateWindow(10025,&quot;plugin://plugin.video.thecrew/?action=directory&amp;content=0&amp;url=https%3a%2f%2fbitbucket.org%2fFrancis_Drake%2ffrancis-drake%2fraw%2fmaster%2fpurely%2fbase.xml&amp;sf_options=fanart%3Dspecial%3A%2F%2Fhome%2Faddons%5Cplugin.video.thecrew%5Cfanart.jpg%26meta%3Dvotes%253D0%2526label%253D%25255BB%25255D%25255BCOLOR%252Bwhite%25255DPurely%252BWrestling%25255B%25252FCOLOR%25255D%25255B%25252FB%25255D%26_options_sf&quot;,return)</action>
	</shortcut>
	<shortcut>
		<defaultID />
		<label>Rojadirecta.me</label>
		<label2>Πρόσθετο Βίντεο</label2>
		<icon>DefaultShortcut.png</icon>
		<thumb>special://home/addons\plugin.video.apex_sports\resources\media\roja.jpg</thumb>
		<action>ActivateWindow(Videos,"plugin://plugin.video.apex_sports/?mode=open_site&amp;category=live_sport&amp;site=rojadirecta",return)</action>
	</shortcut>
	<shortcut>
		<defaultID />
		<label>Livetv.sx</label>
		<label2>Πρόσθετο Βίντεο</label2>
		<icon>special://home/addons/plugin.image.TechNEWSology/resources/media/livetv.png</icon>
		<thumb />
		<action>ActivateWindow(Videos,"plugin://plugin.video.apex_sports/?mode=open_site&amp;category=live_sport&amp;site=livetv",return)</action>
	</shortcut>
	<shortcut>
		<defaultID />
		<label>Replays</label>
		<label2>Πρόσθετο Βίντεο</label2>
		<icon>DefaultShortcut.png</icon>
		<thumb>special://home/addons\plugin.video.apex_sports\resources\media\sport_on_demand.jpg</thumb>
		<action>ActivateWindow(Videos,"plugin://plugin.video.apex_sports/?mode=open_category&amp;category=replays",return)</action>
	</shortcut>
	<shortcut>
		<defaultID>plugin.video.tvone1112/list_live</defaultID>
		<label>TvOne1112 Live</label>
		<label2>Πρόσθετο Βίντεο</label2>
		<icon>special://home/addons/plugin.video.tvone1112/icon.png</icon>
		<thumb>thumb</thumb>
		<action>ActivateWindow(Videos,"plugin://plugin.video.tvone1112/list_live",return)</action>
	</shortcut>
	<shortcut>
		<defaultID />
		<label>Q Continuum Sports</label>
		<label2>Πρόσθετο Βίντεο</label2>
		<icon>special://home/addons/plugin.image.TechNEWSology/resources/media/Continuum.jpg</icon>
		<thumb />
		<action>ActivateWindow(Videos,"plugin://plugin.video.thecrew/?action=directory&amp;content=addons&amp;url=http%3a%2f%2fezzer-mac.com%2fx%2fNar%2fsport.xml",return)</action>
	</shortcut>
	<shortcut>
		<defaultID />
		<label>VStream</label>
		<label2>Πρόσθετο Βίντεο</label2>
		<icon>DefaultShortcut.png</icon>
		<thumb>special://home/addons/plugin.image.TechNEWSology/resources/media/vstream.png</thumb>
		<action>ActivateWindow(Videos,"plugin://plugin.video.vstream/?site=cHome&amp;function=showSports&amp;title=Sports&amp;siteUrl=http%3A%2F%2Fvenom&amp;sFav=showSports",return)</action>
	</shortcut>
	<shortcut>
		<defaultID />
		<label>The Crew</label>
		<label2>Πρόσθετο Βίντεο</label2>
		<icon>DefaultShortcut.png</icon>
		<thumb>special://home/addons/plugin.image.TechNEWSology/resources/media/crew.jpg</thumb>
		<action>ActivateWindow(Videos,"plugin://plugin.video.thecrew/?action=bluehat",return)</action>
	</shortcut>
	<shortcut>
		<defaultID>plugin.video.novasports.gr</defaultID>
		<label>Novasports</label>
		<label2>Πρόσθετο Βίντεο</label2>
		<icon>special://home/addons\plugin.video.novasports.gr\icon.png</icon>
		<thumb />
		<action>ActivateWindow(Videos,"plugin://plugin.video.novasports.gr",return)</action>
	</shortcut>
	<shortcut>
		<defaultID />
		<label>ErtFlix</label>
		<label2>Πρόσθετο Βίντεο</label2>
		<icon>special://home/addons\plugin.video.ert.gr\icon.png</icon>
		<thumb />
		<action>ActivateWindow(Videos,"plugin://plugin.video.ert.gr/?action=categories&amp;url=https%3A%2F%2Fwww.ertflix.gr%2Fshow%2Fsport&amp;title=%CE%91%CE%B8%CE%BB%CE%B7%CF%84%CE%B9%CE%BA%CE%AC",return)</action>
	</shortcut>
	<shortcut>
		<defaultID>plugin.video.tvone/list_channels/5</defaultID>
		<label>TvOne</label>
		<label2>Custom item</label2>
		<icon>special://home/addons/plugin.image.TechNEWSology/resources/media/TVONE.png</icon>
		<thumb />
		<action>ActivateWindow(Videos,"plugin://plugin.video.tvone/list_channels/5",return)</action>
	</shortcut>
	<shortcut>
		<defaultID>plugin.video.tvone11/list_channels/36</defaultID>
		<label>TvOne11</label>
		<label2>Custom item</label2>
		<icon>special://home/addons/plugin.image.TechNEWSology/resources/media/TVONE11.png</icon>
		<thumb />
		<action>ActivateWindow(Videos,"plugin://plugin.video.tvone11/list_channels/8",return)</action>
	</shortcut>
	<shortcut>
		<defaultID>plugin.video.tvone111/list_channels/1</defaultID>
		<label>TvOne111</label>
		<label2>Πρόσθετο Βίντεο</label2>
		<icon>DefaultShortcut.png</icon>
		<thumb>special://home/addons/plugin.video.tvone111/icon.png</thumb>
		<action>ActivateWindow(Videos,"plugin://plugin.video.tvone111/list_channels/1",return)</action>
	</shortcut>
	<shortcut>
		<defaultID>plugin.video.tvone112</defaultID>
		<label>TvOne112</label>
		<label2>Πρόσθετο Βίντεο</label2>
		<icon>special://home/addons/plugin.video.tvone112/icon.png</icon>
		<thumb>thumb</thumb>
		<action>ActivateWindow(Videos,"plugin://plugin.video.tvone112",return)</action>
	</shortcut>
	<shortcut>
		<defaultID>plugin.video.tvone1112/list_channels/1</defaultID>
		<label>tvOne1112</label>
		<label2>Πρόσθετο Βίντεο</label2>
		<icon>special://home/addons/plugin.video.tvone1112/icon.png</icon>
		<thumb>thumb</thumb>
		<action>ActivateWindow(Videos,"plugin://plugin.video.tvone1112/list_channels/1",return)</action>
	</shortcut>
</shortcuts>
