<shortcuts>
	<shortcut>
		<defaultID />
		<label>Αναζήτηση</label>
		<label2>Custom item</label2>
		<icon>special://home/addons/plugin.image.TechNEWSology/resources/media/search.png</icon>
		<thumb />
		<action>RunScript("special://home/addons/plugin.program.autowidget/folders/py/Search_movies.py")</action>
	</shortcut>
	<shortcut>
		<defaultID>script.extendedinfo</defaultID>
		<label>Extended Info</label>
		<label2>Πρόσθετο Βίντεο</label2>
		<icon>special://home/addons/plugin.image.TechNEWSology/resources/media/extendedinfo.png</icon>
		<thumb />
		<action>ActivateWindow(Videos,"plugin://script.extendedinfo",return)</action>
	</shortcut>
	<shortcut>
		<defaultID />
		<label>TheMoviedb</label>
		<label2>Πρόσθετο Βίντεο</label2>
		<icon>special://home/addons\plugin.video.themoviedb.helper\icon.png</icon>
		<thumb />
		<action>ActivateWindow(Videos,"plugin://plugin.video.themoviedb.helper/?info=dir_movie&amp;tmdb_type=None&amp;widget=true",return)</action>
	</shortcut>
	<shortcut>
		<defaultID />
		<label>Προτιμήσεις</label>
		<label2>Custom item</label2>
		<icon>special://home/addons\plugin.program.mypreferences\icon.png</icon>
		<thumb />
		<action>ActivateWindow(Videos,"plugin://plugin.program.mypreferences/?label=1.TAINIES&amp;mode=400&amp;path=special%3A%2F%2Fprofile%2Faddon_data%2Fplugin.program.mypreferences%5C1.TAINIES",return)</action>
	</shortcut>
	<shortcut>
		<defaultID />
		<label>Atlas</label>
		<label2>Custom item</label2>
		<icon>special://home/addons\plugin.video.atlas\icon.png</icon>
		<thumb />
		<action>ActivateWindow(Videos,"plugin://plugin.video.atlas",return)</action>
	</shortcut>
	<shortcut>
		<defaultID />
		<label>Tainio-mania</label>
		<label2>Πρόσθετο Βίντεο</label2>
		<icon>special://home/addons\plugin.video.atlas\resources\icons\tainiomania.png</icon>
		<thumb />
		<action>ActivateWindow(Videos,"plugin://plugin.video.atlas/?url=&amp;mode=84&amp;name=%5BB%5D%5BCOLOR+coral%5D+Tainio-mania%5B%2FCOLOR%5D%5B%2FB%5D&amp;iconimage=C%3A%5CUsers%5Chplap%5CAppData%5CRoaming%5CKodi%5Caddons%5Cplugin.video.atlas%5C%2Fresources%2Ficons%2Ftainiomania.png&amp;description=",return)</action>
	</shortcut>
	<shortcut>
		<defaultID />
		<label>Scrubs v2</label>
		<label2>Πρόσθετο Βίντεο</label2>
		<icon>special://home/addons/plugin.image.TechNEWSology/resources/media/scrubsv2.png</icon>
		<thumb />
		<action>ActivateWindow(Videos,"plugin://plugin.video.scrubsv2/?action=movies_menu",return)</action>
		<visible>System.HasAddon(plugin.video.scrubsv2)</visible>
	</shortcut>
	<shortcut>
		<defaultID />
		<label>Homelander</label>
		<label2>Πρόσθετο Βίντεο</label2>
		<icon>special://home/addons\plugin.video.homelander\icon.png</icon>
		<thumb />
		<action>ActivateWindow(Videos,"plugin://plugin.video.homelander/?action=movieNavigator",return)</action>
		<visible>System.HasAddon(plugin.video.homelander)</visible>
	</shortcut>
	<shortcut>
		<defaultID />
		<label>TheOath</label>
		<label2>Πρόσθετο Βίντεο</label2>
		<icon>DefaultShortcut.png</icon>
		<thumb>special://home/addons\plugin.video.theoath\icon.png</thumb>
		<action>ActivateWindow(Videos,"plugin://plugin.video.theoath/?action=movieNavigator",return)</action>
		<visible>System.HasAddon(plugin.video.theoath)</visible>
	</shortcut>
	<shortcut>
		<defaultID />
		<label>Fmovies</label>
		<label2>Πρόσθετο Βίντεο</label2>
		<icon>special://home/addons\plugin.video.atlas\resources\icons\fmovies.png</icon>
		<thumb />
		<action>ActivateWindow(Videos,"plugin://plugin.video.atlas/?url=&amp;mode=140&amp;name=%5BB%5D%5BCOLOR+blue%5D+Fmovies%5B%2FCOLOR%5D%5B%2FB%5D&amp;iconimage=C%3A%5CUsers%5Chplap%5CAppData%5CRoaming%5CKodi%5Caddons%5Cplugin.video.atlas%5C%2Fresources%2Ficons%2Ffmovies.png&amp;description=",return)</action>
	</shortcut>
	<shortcut>
		<defaultID />
		<label>Doomovies</label>
		<label2>Πρόσθετο Βίντεο</label2>
		<icon>special://home/addons\plugin.video.atlas\resources\icons\doomovies.png</icon>
		<thumb />
		<action>ActivateWindow(Videos,"plugin://plugin.video.atlas/?url=&amp;mode=155&amp;name=%5BB%5D%5BCOLOR+yellow%5D+Doo%5BCOLOR+gray%5Dmovies%5B%2FCOLOR%5D%5B%2FB%5D&amp;iconimage=C%3A%5CUsers%5Chplap%5CAppData%5CRoaming%5CKodi%5Caddons%5Cplugin.video.atlas%5C%2Fresources%2Ficons%2Fdoomovies.png&amp;description=",return)</action>
	</shortcut>
	<shortcut>
		<defaultID />
		<label>Goojara</label>
		<label2>Πρόσθετο Βίντεο</label2>
		<icon>special://home/addons\plugin.video.atlas\resources\icons\goojara.png</icon>
		<thumb />
		<action>ActivateWindow(Videos,"plugin://plugin.video.atlas/?url=&amp;mode=170&amp;name=%5BB%5D%5BCOLOR+orange%5D+Goojara%5B%2FCOLOR%5D%5B%2FB%5D&amp;iconimage=C%3A%5CUsers%5Chplap%5CAppData%5CRoaming%5CKodi%5Caddons%5Cplugin.video.atlas%5C%2Fresources%2Ficons%2Fgoojara.png&amp;description=",return)</action>
	</shortcut>
	<shortcut>
		<defaultID>plugin.video.gratis</defaultID>
		<label>Gratis</label>
		<label2>Πρόσθετο Βίντεο</label2>
		<icon>special://home/addons/plugin.image.TechNEWSology/resources/media/gratis.png</icon>
		<thumb />
		<action>ActivateWindow(Videos,"plugin://plugin.video.gratis",return)</action>
	</shortcut>
	<shortcut>
		<defaultID />
		<label>TVseries.video</label>
		<label2>Πρόσθετο Βίντεο</label2>
		<icon>special://home/addons\plugin.video.tvseriesvideo\icon.png</icon>
		<thumb />
		<action>ActivateWindow(Videos,"plugin://plugin.video.tvseriesvideo",return)</action>
	</shortcut>
	<shortcut>
		<defaultID />
		<label>FMovies</label>
		<label2>Πρόσθετο Βίντεο</label2>
		<icon>DefaultShortcut.png</icon>
		<thumb>special://home/addons\plugin.video.fmoviesto\icon.png</thumb>
		<action>ActivateWindow(Videos,"plugin://plugin.video.fmoviesto/?mode=menumov&amp;url=https%3A%2F%2Ffmovies.to%2Fmovies&amp;page=1&amp;moviescount=0&amp;movie=True&amp;title=%CE%A4%CE%B1%CE%B9%CE%BD%CE%AF%CE%B5%CF%82&amp;image=DefaultMovies.png",return)</action>
		<visible>System.HasAddon(plugin.video.fmoviesto)</visible>
	</shortcut>
	<shortcut>
		<defaultID />
		<label>Thunder</label>
		<label2>Πρόσθετο Βίντεο</label2>
		<icon>special://home/addons/plugin.image.TechNEWSology/resources/media/thunder.png</icon>
		<thumb />
		<action>ActivateWindow(Videos,"plugin://plugin.video.thethunder/?name=%5BB%5DMovies%5B%2FB%5D&amp;action=movies&amp;mediatype=video&amp;iconimage=C%3A%5CUsers%5Chplap%5CAppData%5CRoaming%5CKodi%5Caddons%5Cplugin.video.thethunder%5Cresources%5Cmedia%5Cmovies.png",return)</action>
	</shortcut>
	<shortcut>
		<defaultID />
		<label>Seren</label>
		<label2>Πρόσθετο Βίντεο</label2>
		<icon>special://home/addons/plugin.image.TechNEWSology/resources/media/seren.jpg</icon>
		<thumb />
		<action>ActivateWindow(Videos,"plugin://plugin.video.seren/?action=moviesHome",return)</action>
	</shortcut>
	<shortcut>
		<defaultID />
		<label>Shadow RD</label>
		<label2>Πρόσθετο Βίντεο</label2>
		<icon>special://home/addons/plugin.image.TechNEWSology/resources/media/shadow.png</icon>
		<thumb />
		<action>ActivateWindow(Videos,"plugin://plugin.video.shadow/?mode=2&amp;dates=+&amp;episode=+&amp;description=Movies&amp;show_original_year=+&amp;fanart=https%3A%2F%2Ftownsquare.media%2Fsite%2F295%2Ffiles%2F2019%2F12%2F2020-movies-collage.jpg%3Fw%3D980%26q%3D75&amp;heb_name=+&amp;iconimage=special://home/addons%5Cplugin.video.shadow%5Cresources%5Cartwork%2Fmovies.png&amp;original_title=+&amp;eng_name=+&amp;data=+&amp;url=www&amp;fav_status=false&amp;tmdbid=+&amp;season=+&amp;isr=0&amp;last_id=&amp;image_master=&amp;id=+&amp;name=Movie+World",return)</action>
	</shortcut>
	<shortcut>
		<defaultID />
		<label>Extra Addons</label>
		<label2>Πρόσθετο Βίντεο</label2>
		<icon>DefaultShortcut.png</icon>
		<thumb>special://home/addons/plugin.image.TechNEWSology/resources/media/add.png</thumb>
		<action>ActivateWindow(Videos,"plugin://plugin.program.autowidget/?mode=group&amp;group=addons-1620588071.6954536&amp;refresh=&amp;reload=",return)</action>
	</shortcut>
	<shortcut>
		<defaultID />
		<label>Navy Seal</label>
		<label2>Πρόσθετο Βίντεο</label2>
		<icon>special://home/addons/plugin.image.TechNEWSology/resources/media/navy.jpg</icon>
		<thumb />
		<action>ActivateWindow(Videos,"plugin://plugin.video.microjen/get_list/https://southpawlefty2468rocky.com/southpaw/navyseal19/movies/movies main19.json")</action>
	</shortcut>
	<shortcut>
		<defaultID />
		<label>GR Movies</label>
		<label2>Πρόσθετο Βίντεο</label2>
		<icon>DefaultShortcut.png</icon>
		<thumb>special://home/addons/plugin.image.TechNEWSology/resources/media/gr.png</thumb>
		<action>ActivateWindow(Videos,"plugin://plugin.program.autowidget/?mode=group&amp;group=greek_movies-1642525005.7029188&amp;refresh=&amp;reload=",return)</action>
	</shortcut>
	<shortcut>
		<defaultID />
		<label>Fen</label>
		<label2>Πρόσθετο Βίντεο</label2>
		<icon>special://home/addons/plugin.image.TechNEWSology/resources/media/fen.png</icon>
		<thumb />
		<action>ActivateWindow(Videos,"plugin://plugin.video.fen/?info=Access+Fen+Movie+Menus.&amp;name=Movies&amp;iconImage=movies.png&amp;foldername=Movies&amp;mode=navigator.main&amp;action=MovieList",return)</action>
		<visible>System.HasAddon(plugin.video.fen)</visible>
	</shortcut>
	<shortcut>
		<defaultID />
		<label>Venom</label>
		<label2>Πρόσθετο Βίντεο</label2>
		<icon>DefaultShortcut.png</icon>
		<thumb>special://home/addons\plugin.video.venom\icon.png</thumb>
		<action>ActivateWindow(Videos,"plugin://plugin.video.venom/?action=movieNavigator",return)</action>
		<visible>System.HasAddon(plugin.video.venom)</visible>
	</shortcut>
	<shortcut>
		<defaultID />
		<label>The Crew</label>
		<label2>Πρόσθετο Βίντεο</label2>
		<icon>DefaultShortcut.png</icon>
		<thumb>special://home/addons/plugin.image.TechNEWSology/resources/media/crew.jpg</thumb>
		<action>ActivateWindow(Videos,"plugin://plugin.video.thecrew/?action=movieNavigator",return)</action>
		<visible>System.HasAddon(plugin.video.thecrew)</visible>
	</shortcut>
	<shortcut>
		<defaultID />
		<label>Placenta</label>
		<label2>Πρόσθετο Βίντεο</label2>
		<icon>special://home/addons\plugin.video.placenta\icon.png</icon>
		<thumb />
		<action>ActivateWindow(Videos,"plugin://plugin.video.placenta/?action=movieNavigator",return)</action>
		<visible>System.HasAddon(plugin.video.placenta)</visible>
	</shortcut>
	<shortcut>
		<defaultID>plugin.video.magicdragon</defaultID>
		<label>Magic Dragon</label>
		<label2>Πρόσθετο Βίντεο</label2>
		<icon>special://home/addons/plugin.image.TechNEWSology/resources/media/magic.jpg</icon>
		<thumb>thumb</thumb>
		<action>ActivateWindow(Videos,"plugin://plugin.video.magicdragon",return)</action>
	</shortcut>
	<shortcut>
		<defaultID />
		<label>The Crew 1 clicks</label>
		<label2>Πρόσθετο Βίντεο</label2>
		<icon>special://home/addons/plugin.image.TechNEWSology/resources/media/crew.jpg</icon>
		<thumb />
		<action>ActivateWindow(Videos,"plugin://plugin.video.thecrew/?action=greenhat",return)</action>
		<visible>System.HasAddon(plugin.video.thecrew)</visible>
	</shortcut>
	<shortcut>
		<defaultID />
		<label>Q Continuum</label>
		<label2>Πρόσθετο Βίντεο</label2>
		<icon>special://home/addons/plugin.image.TechNEWSology/resources/media/Continuum.jpg</icon>
		<thumb />
		<action>ActivateWindow(10025,&quot;plugin://plugin.video.thecrew/?action=directory&amp;content=0&amp;url=http%3a%2f%2fnarcacist.com%2fAddon%2ftext%2frd%2ffree%2fbyyear.xml&amp;sf_options=fanart%3Dspecial%3A%2F%2Fhome%2Faddons%5Cplugin.video.thecrew%5Cfanart.jpg%26meta%3Dvotes%253D0%2526label%253D%25255BB%25255D%25255BCOLOR%252Bwhite%25255DBy%252BYear%252B%25255BCOLOR%252Borange%25255DQ%252BContinuum%252B%25255BCOLOR%252Blime%25255D%252528Non%252BDebrid%252529%25255B%25252FCOLOR%25255D%25255B%25252FB%25255D%26_options_sf&quot;,return)</action>
		<visible>System.HasAddon(plugin.video.thecrew)</visible>
	</shortcut>
	<shortcut>
		<defaultID />
		<label>Crackle</label>
		<label2>Πρόσθετο Βίντεο</label2>
		<icon>DefaultShortcut.png</icon>
		<thumb>special://home/addons\plugin.video.crackle\icon.png</thumb>
		<action>ActivateWindow(Videos,"plugin://plugin.video.crackle/?id=movies&amp;mode=99",return)</action>
		<visible>System.HasAddon(plugin.video.crackle)</visible>
	</shortcut>
	<shortcut>
		<defaultID />
		<label>Ghost</label>
		<label2>Custom item</label2>
		<icon>special://home/addons/plugin.image.TechNEWSology/resources/media/ghost.png</icon>
		<thumb />
		<action>ActivateWindow(Videos,"plugin://plugin.video.shadow/?mode=189&amp;iconimage=https%3A%2F%2Fwww.wirelesshack.org%2Fwp-content%2Fuploads%2F2020%2F07%2FHow-To-Install-Ghost-Kodi-Addon-2020.jpg&amp;fanart=https%3A%2F%2Ftroypoint.com%2Fwp-content%2Fuploads%2F2020%2F07%2Fghost-kodi-addon.png&amp;description=Ghost&amp;url=http%3A%2F%2Fthechains24.com%2FGhost-Addon%2Fghostxmls%2Fxmls1%2Fseries9%2Fnewm.xml&amp;name=Ghost+New+movies+1Click&amp;image_master=&amp;heb_name=+&amp;last_id=&amp;dates=+&amp;data=+&amp;original_title=+&amp;id=+&amp;season=+&amp;episode=+&amp;tmdbid=+&amp;eng_name=+&amp;show_original_year=+&amp;isr=0&amp;fav_status=false&amp;all_w=%7B%7D&amp;search_db=&amp;iconimage=https%3A%2F%2Fwww.wirelesshack.org%2Fwp-content%2Fuploads%2F2020%2F07%2FHow-To-Install-Ghost-Kodi-Addon-2020.jpg&amp;fanart=https%3A%2F%2Ftroypoint.com%2Fwp-content%2Fuploads%2F2020%2F07%2Fghost-kodi-addon.png&amp;description=Ghost&amp;url=http%3A%2F%2Fthechains24.com%2FGhost-Addon%2Fghostxmls%2Fxmls1%2Fseries9%2Fnewm.xml&amp;name=Ghost+New+movies+1Click&amp;image_master=&amp;heb_name=+&amp;last_id=&amp;dates=+&amp;data=+&amp;original_title=+&amp;id=+&amp;season=+&amp;episode=+&amp;tmdbid=+&amp;eng_name=+&amp;show_original_year=+&amp;fav_status=false&amp;all_w=%7B%7D&amp;search_db=&amp;video_data=%7B%22title%22%3A+%22Ghost+New+movies+1Click%22%2C+%22mediatype%22%3A+%22movie%22%2C+%22TVshowtitle%22%3A+%22%22%2C+%22season%22%3A+0%2C+%22episode%22%3A+0%2C+%22OriginalTitle%22%3A+%22+%22%2C+%22rating%22%3A+%220%22%2C+%22plot%22%3A+%22Ghost%22%2C+%22Tag%22%3A+%22None%22%2C+%22id%22%3A+%22+%22%7D&amp;video_data=%7B%22title%22%3A+%22Ghost+New+movies+1Click%22%2C+%22mediatype%22%3A+%22movie%22%2C+%22TVshowtitle%22%3A+%22%22%2C+%22season%22%3A+0%2C+%22episode%22%3A+0%2C+%22OriginalTitle%22%3A+%22+%22%2C+%22rating%22%3A+%220%22%2C+%22plot%22%3A+%22Ghost%22%2C+%22Tag%22%3A+%22None%22%2C+%22id%22%3A+%22+%22%7D",return)</action>
		<visible>System.HasAddon(plugin.video.shadow)</visible>
	</shortcut>
	<shortcut>
		<defaultID />
		<label>Subsmovies</label>
		<label2>Πρόσθετο Βίντεο</label2>
		<icon>special://home/addons\plugin.video.subsmovies\icon.png</icon>
		<thumb />
		<action>ActivateWindow(Videos,"plugin://plugin.video.subsmovies",return)</action>
		<visible>System.HasAddon(plugin.video.subsmovies)</visible>
	</shortcut>
	<shortcut>
		<defaultID />
		<label>Release BB</label>
		<label2>Πρόσθετο Βίντεο</label2>
		<icon>special://home/addons/plugin.image.TechNEWSology/resources/media/releaseBB.png</icon>
		<thumb>thumb</thumb>
		<action>ActivateWindow(Videos,"plugin://plugin.video.releaseBB/?mode=Categories&amp;section=movies",return)</action>
	</shortcut>
	<shortcut>
		<defaultID>plugin.video.elementum/movies/</defaultID>
		<label>Elementum</label>
		<label2>Πρόσθετο Βίντεο</label2>
		<icon>special://home/addons/plugin.video.elementum/icon.png</icon>
		<thumb />
		<action>ActivateWindow(Videos,"plugin://plugin.video.elementum/movies/",return)</action>
		<visible>System.HasAddon(plugin.video.elementum)</visible>
	</shortcut>
	<shortcut>
		<defaultID />
		<label>Gaia</label>
		<label2>Custom item</label2>
		<icon>special://home/addons/plugin.image.TechNEWSology/resources/media/gaia.jpg</icon>
		<thumb />
		<action>ActivateWindow(Videos,"plugin://plugin.video.gaia/?action=moviesLists&amp;type=movie&amp;kids=0",return)</action>
		<visible>System.HasAddon(plugin.video.gaia)</visible>
	</shortcut>
	<shortcut>
		<defaultID>plugin.video.netflix</defaultID>
		<label>NetFlix</label>
		<label2>Πρόσθετο Βίντεο</label2>
		<icon>special://home/addons/plugin.image.TechNEWSology/resources/media/netflix.jpg</icon>
		<thumb />
		<action>ActivateWindow(Videos,"plugin://plugin.video.netflix",return)</action>
	</shortcut>
</shortcuts>
