<shortcuts>
	<shortcut>
		<defaultID />
		<label>1 Click</label>
		<label2>Πρόσθετο Βίντεο</label2>
		<icon>DefaultShortcut.png</icon>
		<thumb>special://home/addons/plugin.image.TechNEWSology/resources/media/iptv.png</thumb>
		<action>ActivateWindow(Videos,"plugin://plugin.video.macvod/?action=tulista&amp;title=%5BB%5D%5BCOLOR+orange%5D%CE%A4%CF%85%CF%87%CE%B1%CE%AF%CE%BF%CF%82+%CE%B4%CE%B9%CE%B1%CE%BA%CE%BF%CE%BC%CE%B9%CF%83%CF%84%CE%AE%CF%82%5B%2FCOLOR%5D%5B%2FB%5D&amp;url=https%3A%2F%2Fpastebin.com%2Fraw%2Fktiz5e2M&amp;thumbnail=C%3A%5CUsers%5Chplap%5CAppData%5CRoaming%5CKodi%5Caddons%5Cplugin.video.macvod%5Cicon.png&amp;plot=&amp;extra=&amp;page=",return)</action>
	</shortcut>
	<shortcut>
		<defaultID>plugin.video.macvod</defaultID>
		<label>XC MAC M3U</label>
		<label2>Πρόσθετο Βίντεο</label2>
		<icon>DefaultShortcut.png</icon>
		<thumb>https://play-lh.googleusercontent.com/LmXwBdyXNroHqxzz1Bgwo53355IRWuvzNjTLYNPOn_7IfMZTxR4PY4geqKrVEpXGyRI</thumb>
		<action>ActivateWindow(Videos,"plugin://plugin.video.macvod",return)</action>
	</shortcut>
	<shortcut>
		<defaultID />
		<label>DaddyLive</label>
		<label2>Πρόσθετο Βίντεο</label2>
		<icon>special://home/addons\plugin.video.atlas\icon.png</icon>
		<thumb />
		<action>ActivateWindow(Videos,"plugin://plugin.video.atlas/?mode=menu&amp;serv_type=live_tv",return)</action>
	</shortcut>
	<shortcut>
		<defaultID />
		<label>Προτιμήσεις</label>
		<label2>Custom item</label2>
		<icon>special://home/addons\plugin.program.mypreferences\icon.png</icon>
		<thumb />
		<action>ActivateWindow(Videos,"plugin://plugin.program.mypreferences/?label=4.WORLD+TV&amp;mode=400&amp;path=special%3A%2F%2Fprofile%2Faddon_data%2Fplugin.program.mypreferences%5C4.WORLD+TV",return)</action>
	</shortcut>
	<shortcut>
		<defaultID>19019</defaultID>
		<label>PVR Stalker</label>
		<label2>Live TV</label2>
		<icon>special://home/addons/plugin.image.TechNEWSology/resources/media/stalker.png</icon>
		<thumb />
		<action condition="!System.HasAddon(pvr.stalker)">RunScript("special://skin/16x9/InstallStalker.py")</action>
		<action>ActivateWindow(TVChannels)</action>
	</shortcut>
	<shortcut>
		<defaultID />
		<label>Fluxus IPTV</label>
		<label2>Πρόσθετο Βίντεο</label2>
		<icon>DefaultShortcut.png</icon>
		<thumb>special://home/addons/plugin.image.TechNEWSology/resources/media/fluxus.png</thumb>
		<action>ActivateWindow(10025,"plugin://plugin.video.live.streamspro/?url=https://bit.ly/FTV-ENG&amp;mode=1",return)</action>
	</shortcut>
	<shortcut>
		<defaultID>plugin.video.tvone</defaultID>
		<label>tvOne All</label>
		<label2>Custom item</label2>
		<icon>special://home/addons/plugin.image.TechNEWSology/resources/media/TVONE.png</icon>
		<thumb />
		<action>RunScript("special://home/addons/plugin.program.autowidget/folders/py/TvOne.py")</action>
	</shortcut>
	<shortcut>
		<defaultID>plugin.video.live.streamspro</defaultID>
		<label>LiveStreamsPro</label>
		<label2>Πρόσθετο Βίντεο</label2>
		<icon>special://home/addons\plugin.video.live.streamspro\icon.png</icon>
		<thumb>thumb</thumb>
		<action>ActivateWindow(Videos,"plugin://plugin.video.live.streamspro",return)</action>
	</shortcut>
	<shortcut>
		<defaultID>plugin.video.json_iptv</defaultID>
		<label>Json IPTV</label>
		<label2>Πρόσθετο Βίντεο</label2>
		<icon>https://www.wirelesshack.org/wp-content/uploads/2022/10/How-To-Install-Json-IPTV-Kodi-Addon.jpg</icon>
		<thumb>thumb</thumb>
		<action>ActivateWindow(Videos,"plugin://plugin.video.json_iptv",return)</action>
	</shortcut>
	<shortcut>
		<defaultID />
		<label>Thunder</label>
		<label2>Πρόσθετο Βίντεο</label2>
		<icon>special://home/addons/plugin.image.TechNEWSology/resources/media/thunder.png</icon>
		<thumb />
		<action>ActivateWindow(Videos,"plugin://plugin.video.thethunder/?name=%5BB%5DLive+TV%5B%2FB%5D&amp;action=live_tv&amp;mediatype=video&amp;iconimage=C%3A%5CUsers%5Chplap%5CAppData%5CRoaming%5CKodi%5Caddons%5Cplugin.video.thethunder%5Cresources%5Cmedia%5Clive_tv.png",return)</action>
	</shortcut>
	<shortcut>
		<defaultID />
		<label>Ghost</label>
		<label2>Πρόσθετο Βίντεο</label2>
		<icon>special://home/addons/plugin.image.TechNEWSology/resources/media/ghost.png</icon>
		<thumb>special://home/addons/plugin.image.TechNEWSology/resources/media/ghost.png</thumb>
		<action>ActivateWindow(10025,&quot;plugin://plugin.video.thecrew/?action=directory&amp;content=0&amp;url=https%3a%2f%2fia902505.us.archive.org%2f31%2fitems%2fEntairt%2fEntairt.xml&amp;sf_options=fanart%3Dhttp%3A%2F%2Fthechains24.com%2FGhost-Addon%2Fghostxmls%2Fxmls1%2Ffanart%2Fghost2.jpg%26meta%3Dvotes%253D0%2526label%253D%25255BCOLORwhite%25255DIPTV%252BALL%252B%25255B%25252FCOLOR%25255D%26_options_sf&quot;,return)</action>
	</shortcut>
	<shortcut>
		<defaultID>plugin.video.playlistloader</defaultID>
		<label>Playlist Loader</label>
		<label2>Πρόσθετο Βίντεο</label2>
		<icon>special://home/addons\plugin.video.playlistloader\icon.png</icon>
		<thumb>thumb</thumb>
		<action>ActivateWindow(Videos,"plugin://plugin.video.playlistloader",return)</action>
	</shortcut>
	<shortcut>
		<defaultID>plugin.video.skylinecctv</defaultID>
		<label>Skyline WebCams</label>
		<label2>Πρόσθετο Βίντεο</label2>
		<icon>special://home/addons/plugin.image.TechNEWSology/resources/media/skylinecctv.png</icon>
		<thumb>thumb</thumb>
		<action>ActivateWindow(Videos,"plugin://plugin.video.skylinecctv",return)</action>
	</shortcut>
	<shortcut>
		<defaultID />
		<label>Sportowo</label>
		<label2>Πρόσθετο Βίντεο</label2>
		<icon>DefaultShortcut.png</icon>
		<thumb>special://home/addons\plugin.video.PLsportowo\icon.png</thumb>
		<action>ActivateWindow(Videos,"plugin://plugin.video.PLsportowo/?mode=liveChannels&amp;url=&amp;image=special://home/addons%5Cplugin.video.PLsportowo%5C%2Fresources%2Fchan2.png&amp;title=Live+channels",return)</action>
	</shortcut>
	<shortcut>
		<defaultID />
		<label>The Crew</label>
		<label2>Πρόσθετο Βίντεο</label2>
		<icon>DefaultShortcut.png</icon>
		<thumb>special://home/addons/plugin.image.TechNEWSology/resources/media/crew.jpg</thumb>
		<action>ActivateWindow(Videos,"plugin://plugin.video.thecrew/?action=whitehat",return)</action>
	</shortcut>
	<shortcut>
		<defaultID />
		<label>Apex Sports</label>
		<label2>Πρόσθετο Βίντεο</label2>
		<icon>DefaultShortcut.png</icon>
		<thumb>special://home/addons\plugin.video.apex_sports\icon.jpg</thumb>
		<action>ActivateWindow(Videos,"plugin://plugin.video.apex_sports/?mode=open_category&amp;category=live_tv",return)</action>
	</shortcut>
	<shortcut>
		<defaultID />
		<label>xXx</label>
		<label2>Custom item</label2>
		<icon>special://home/addons/plugin.image.TechNEWSology/resources/media/HDX.png</icon>
		<thumb />
		<action>ActivateWindow(Videos,"plugin://plugin.program.autowidget/?mode=group&amp;group=xxx-1619961180.2509713&amp;refresh=&amp;reload=",return)</action>
	</shortcut>
</shortcuts>
