<?xml version='1.0' encoding='UTF-8'?>
<shortcuts>
	<shortcut>
		<defaultID />
		<label>Αναζήτηση</label>
		<label2>Πρόσθετο Βίντεο</label2>
		<icon>special://home/addons/plugin.image.TechNEWSology/resources/media/search.png</icon>
		<thumb />
		<action>ActivateWindow(Videos,"plugin://plugin.program.super.favourites/?label=SearchKids&amp;mode=400&amp;path=special%3A%2F%2Fhome%2Faddons%2Fplugin.program.super.favourites%2Ffolders%5CSuper+Favourites%5CSearchKids&amp;image=special%3A%2F%2Fhome%2Faddons%5Cplugin.video.MyYoutuber%2Ficon.png&amp;fanart=+&amp;content_type=",return)</action>
	</shortcut>
	<shortcut>
		<defaultID>plugin.video.cartoonsgr</defaultID>
		<label>CartoonsGR</label>
		<label2>Πρόσθετο Βίντεο</label2>
		<icon>special://home/addons\plugin.video.cartoonsgr\icon.png</icon>
		<thumb>https://bugatsinho.github.io/images/cgr.png</thumb>
		<action>ActivateWindow(Videos,"plugin://plugin.video.cartoonsgr",return)</action>
	</shortcut>
	<shortcut>
		<defaultID />
		<label>AliveGr</label>
		<label2>Πρόσθετο Βίντεο</label2>
		<icon>special://home/addons\plugin.video.AliveGR\resources\media\icon.png</icon>
		<thumb />
		<action>ActivateWindow(Videos,"plugin://plugin.video.AliveGR/?action=kids&amp;title=%CE%93%CE%B9%CE%B1+%CF%84%CE%B1+%CF%80%CE%B1%CE%B9%CE%B4%CE%B9%CE%AC",return)</action>
	</shortcut>
	<shortcut>
		<defaultID />
		<label>Προτιμήσεις</label>
		<label2>Custom item</label2>
		<icon>special://home/addons\plugin.program.mypreferences\icon.png</icon>
		<thumb />
		<action>ActivateWindow(Videos,"plugin://plugin.program.mypreferences/?label=7.PAIDIKA&amp;mode=400&amp;path=special%3A%2F%2Fprofile%2Faddon_data%2Fplugin.program.mypreferences%5C7.PAIDIKA",return)</action>
	</shortcut>
	<shortcut>
		<defaultID />
		<label>ERTFLIX</label>
		<label2>Πρόσθετο Βίντεο</label2>
		<icon>special://home/addons\plugin.video.ert.gr\icon.png</icon>
		<thumb />
		<action>ActivateWindow(Videos,"plugin://plugin.video.ert.gr/?action=listing&amp;url=https%3A%2F%2Fwww.ertflix.gr%2Fcategory%2Fpedika%2F&amp;title=%CE%A0%CE%B1%CE%B9%CE%B4%CE%B9%CE%BA%CE%AC",return)</action>
	</shortcut>
	<shortcut>
		<defaultID />
		<label>Kids Youtube</label>
		<label2>Πρόσθετο Βίντεο</label2>
		<icon>special://home/addons/plugin.image.TechNEWSology/resources/media/youtube_kids.png</icon>
		<thumb />
		<action>ActivateWindow(Videos,"plugin://plugin.program.super.favourites/?label=Kids+Youtube&amp;mode=400&amp;path=special%3A%2F%2Fhome%2Faddons%2Fplugin.program.super.favourites%2Ffolders%5CSuper+Favourites%5CKids+Youtube&amp;image=https%3A%2F%2Fyt3.ggpht.com%2Fa%2FAGF-l79SF96s5CCdoeJ5DIfGoWUrpwk1dCrsZJ0CTw%3Ds800-c-k-c0xffffffff-no-rj-mo&amp;fanart=https%3A%2F%2Fyt3.ggpht.com%2FqDgSRjE_UeWPdLF7gs9eHVXwotFF2UzkFoAFEUMziRucFiPLzYqW3E-kIy01ACNpUkza7vyBAw&amp;content_type=",return)</action>
	</shortcut>
	<shortcut>
		<defaultID />
		<label>The Crew</label>
		<label2>Πρόσθετο Βίντεο</label2>
		<icon>DefaultShortcut.png</icon>
		<thumb>special://home/addons/plugin.image.TechNEWSology/resources/media/crew.jpg</thumb>
		<action>ActivateWindow(Videos,"plugin://plugin.video.thecrew/?action=kidsgreyNavigator",return)</action>
	</shortcut>
	<shortcut>
		<defaultID>plugin.video.tvone/list_channels/7</defaultID>
		<label>TvOne</label>
		<label2>Πρόσθετο Βίντεο</label2>
		<icon>special://home/addons/plugin.image.TechNEWSology/resources/media/TVONE1.png</icon>
		<thumb>thumb</thumb>
		<action>ActivateWindow(Videos,"plugin://plugin.video.tvone/list_channels/7",return)</action>
	</shortcut>
	<shortcut>
		<defaultID>plugin.video.tvone11/list_channels/15</defaultID>
		<label>TvOne11</label>
		<label2>Πρόσθετο Βίντεο</label2>
		<icon>special://home/addons/plugin.image.TechNEWSology/resources/media/TVONE11.png</icon>
		<thumb />
		<action>ActivateWindow(Videos,"plugin://plugin.video.tvone11/list_channels/15",return)</action>
	</shortcut>
	<shortcut>
		<defaultID>plugin.video.tvone111/list_channels/6</defaultID>
		<label>TvOne111</label>
		<label2>Πρόσθετο Βίντεο</label2>
		<icon>DefaultShortcut.png</icon>
		<thumb>special://home/addons/plugin.video.tvone111/icon.png</thumb>
		<action>ActivateWindow(Videos,"plugin://plugin.video.tvone111/list_channels/6",return)</action>
	</shortcut>
	<shortcut>
		<defaultID>plugin.video.tvone1112/list_channels/6</defaultID>
		<label>TvOne1112</label>
		<label2>Πρόσθετο Βίντεο</label2>
		<icon>special://home/addons/plugin.video.tvone1112/icon.png</icon>
		<thumb>thumb</thumb>
		<action>ActivateWindow(Videos,"plugin://plugin.video.tvone1112/list_channels/6",return)</action>
	</shortcut>
</shortcuts>
