<shortcuts>
	<shortcut>
		<defaultID />
		<label>Live Now</label>
		<label2>Custom item</label2>
		<icon>special://home/addons/plugin.image.TechNEWSology/resources/media/sportstv.png</icon>
		<thumb />
		<action>RunScript("special://home/addons/plugin.program.autowidget/folders/py/Live_Now.py")</action>
	</shortcut>
	<shortcut>
		<defaultID>plugin.video.sporthdme</defaultID>
		<label>SportHD</label>
		<label2>Πρόσθετο Βίντεο</label2>
		<icon>DefaultShortcut.png</icon>
		<thumb>special://home/addons\plugin.video.sporthdme\icon.png</thumb>
		<action>ActivateWindow(Videos,"plugin://plugin.video.sporthdme",return)</action>
	</shortcut>
	<shortcut>
		<defaultID>plugin.video.apex_sports</defaultID>
		<label>ApeX Sports</label>
		<label2>Πρόσθετο Βίντεο</label2>
		<icon>DefaultShortcut.png</icon>
		<thumb>special://home/addons\plugin.video.apex_sports\icon.jpg</thumb>
		<action>ActivateWindow(Videos,"plugin://plugin.video.apex_sports",return)</action>
	</shortcut>
	<shortcut>
		<defaultID />
		<label>Προτιμήσεις</label>
		<label2>Custom item</label2>
		<icon>special://home/addons\plugin.program.mypreferences\icon.png</icon>
		<thumb />
		<action>ActivateWindow(Videos,"plugin://plugin.program.mypreferences/?label=5.SPOR&amp;mode=400&amp;path=special%3A%2F%2Fprofile%2Faddon_data%2Fplugin.program.mypreferences%5C5.SPOR",return)</action>
	</shortcut>
	<shortcut>
		<defaultID>plugin.video.winner</defaultID>
		<label>Winner</label>
		<label2>Πρόσθετο Βίντεο</label2>
		<icon>special://home/addons/plugin.image.TechNEWSology/resources/media/winner.png</icon>
		<thumb>special://home/addons\plugin.video.winner\icon.png</thumb>
		<action>ActivateWindow(Videos,"plugin://plugin.video.winner",return)</action>
	</shortcut>
	<shortcut>
		<defaultID>plugin.video.PLsportowo</defaultID>
		<label>Sportowa TV</label>
		<label2>Πρόσθετο Βίντεο</label2>
		<icon>DefaultShortcut.png</icon>
		<thumb>special://home/addons\plugin.video.PLsportowo\icon.png</thumb>
		<action>ActivateWindow(Videos,"plugin://plugin.video.PLsportowo",return)</action>
	</shortcut>
	<shortcut>
		<defaultID>plugin.video.Cloud9</defaultID>
		<label>Cloud 9</label>
		<label2>Πρόσθετο Βίντεο</label2>
		<icon>DefaultShortcut.png</icon>
		<thumb>special://home/addons/plugin.image.TechNEWSology/resources/media/cloud9.jpg</thumb>
		<action>ActivateWindow(Videos,"plugin://plugin.video.Cloud9",return)</action>
	</shortcut>
	<shortcut>
		<defaultID />
		<label>Rojadirecta.me</label>
		<label2>Πρόσθετο Βίντεο</label2>
		<icon>DefaultShortcut.png</icon>
		<thumb>special://home/addons\plugin.video.apex_sports\resources\media\roja.jpg</thumb>
		<action>ActivateWindow(Videos,"plugin://plugin.video.apex_sports/?mode=open_site&amp;category=live_sport&amp;site=rojadirecta",return)</action>
	</shortcut>
	<shortcut>
		<defaultID />
		<label>Livetv.sx</label>
		<label2>Πρόσθετο Βίντεο</label2>
		<icon>special://home/addons/plugin.image.TechNEWSology/resources/media/livetv.png</icon>
		<thumb />
		<action>ActivateWindow(Videos,"plugin://plugin.video.apex_sports/?mode=open_site&amp;category=live_sport&amp;site=livetv",return)</action>
	</shortcut>
	<shortcut>
		<defaultID />
		<label>Replays</label>
		<label2>Πρόσθετο Βίντεο</label2>
		<icon>DefaultShortcut.png</icon>
		<thumb>special://home/addons\plugin.video.apex_sports\resources\media\sport_on_demand.jpg</thumb>
		<action>ActivateWindow(Videos,"plugin://plugin.video.apex_sports/?mode=open_category&amp;category=replays",return)</action>
	</shortcut>
	<shortcut>
		<defaultID>plugin.video.tvone1112/list_live</defaultID>
		<label>TvOne1112 Live</label>
		<label2>Πρόσθετο Βίντεο</label2>
		<icon>special://home/addons/plugin.video.tvone1112/icon.png</icon>
		<thumb>thumb</thumb>
		<action>ActivateWindow(Videos,"plugin://plugin.video.tvone1112/list_live",return)</action>
	</shortcut>
	<shortcut>
		<defaultID />
		<label>Q Continuum Sports</label>
		<label2>Πρόσθετο Βίντεο</label2>
		<icon>DefaultShortcut.png</icon>
		<thumb>https://www.wirelesshack.org/wp-content/uploads/2021/04/How-To-Install-Q-Sports-Continuum-Kodi-Addon.jpg</thumb>
		<action>ActivateWindow(Videos,"plugin://plugin.video.thecrew/?action=directory&amp;content=addons&amp;url=http%3a%2f%2fezzer-mac.com%2fx%2fNar%2fsport.xml",return)</action>
	</shortcut>
	<shortcut>
		<defaultID />
		<label>VStream</label>
		<label2>Πρόσθετο Βίντεο</label2>
		<icon>DefaultShortcut.png</icon>
		<thumb>special://home/addons/plugin.image.TechNEWSology/resources/media/vstream.png</thumb>
		<action>ActivateWindow(Videos,"plugin://plugin.video.vstream/?site=cHome&amp;function=showSports&amp;title=Sports&amp;siteUrl=http%3A%2F%2Fvenom&amp;sFav=showSports",return)</action>
	</shortcut>
	<shortcut>
		<defaultID />
		<label>The Crew</label>
		<label2>Πρόσθετο Βίντεο</label2>
		<icon>DefaultShortcut.png</icon>
		<thumb>special://home/addons/plugin.image.TechNEWSology/resources/media/crew.jpg</thumb>
		<action>ActivateWindow(Videos,"plugin://plugin.video.thecrew/?action=bluehat",return)</action>
	</shortcut>
	<shortcut>
		<defaultID>plugin.video.novasports.gr</defaultID>
		<label>Novasports</label>
		<label2>Πρόσθετο Βίντεο</label2>
		<icon>special://home/addons\plugin.video.novasports.gr\icon.png</icon>
		<thumb />
		<action>ActivateWindow(Videos,"plugin://plugin.video.novasports.gr",return)</action>
	</shortcut>
	<shortcut>
		<defaultID />
		<label>ErtFlix</label>
		<label2>Πρόσθετο Βίντεο</label2>
		<icon>special://home/addons\plugin.video.ert.gr\icon.png</icon>
		<thumb />
		<action>ActivateWindow(Videos,"plugin://plugin.video.ert.gr/?action=listing&amp;url=https%3A%2F%2Fwww.ertflix.gr%2Fcategory%2Fathlitika%2F&amp;title=%CE%91%CE%B8%CE%BB%CE%B7%CF%84%CE%B9%CE%BA%CE%AC",return)</action>
	</shortcut>
	<shortcut>
		<defaultID>plugin.video.tvone/list_channels/5</defaultID>
		<label>TvOne</label>
		<label2>Custom item</label2>
		<icon>special://home/addons/plugin.image.TechNEWSology/resources/media/TVONE.png</icon>
		<thumb />
		<action>ActivateWindow(Videos,"plugin://plugin.video.tvone/list_channels/5",return)</action>
	</shortcut>
	<shortcut>
		<defaultID>plugin.video.tvone11/list_channels/36</defaultID>
		<label>TvOne11</label>
		<label2>Custom item</label2>
		<icon>special://home/addons/plugin.image.TechNEWSology/resources/media/TVONE11.png</icon>
		<thumb />
		<action>ActivateWindow(Videos,"plugin://plugin.video.tvone11/list_channels/8",return)</action>
	</shortcut>
	<shortcut>
		<defaultID>plugin.video.tvone111/list_channels/1</defaultID>
		<label>TvOne111</label>
		<label2>Πρόσθετο Βίντεο</label2>
		<icon>DefaultShortcut.png</icon>
		<thumb>special://home/addons/plugin.video.tvone111/icon.png</thumb>
		<action>ActivateWindow(Videos,"plugin://plugin.video.tvone111/list_channels/1",return)</action>
	</shortcut>
	<shortcut>
		<defaultID>plugin.video.tvone1112/list_channels/1</defaultID>
		<label>tvOne1112</label>
		<label2>Πρόσθετο Βίντεο</label2>
		<icon>special://home/addons/plugin.video.tvone1112/icon.png</icon>
		<thumb>thumb</thumb>
		<action>ActivateWindow(Videos,"plugin://plugin.video.tvone1112/list_channels/1",return)</action>
	</shortcut>
</shortcuts>
