<shortcuts>
	<shortcut>
		<defaultID />
		<label>Αναζήτηση</label>
		<label2>Custom item</label2>
		<icon>special://home/addons/plugin.image.TechNEWSology/resources/media/search.png</icon>
		<thumb />
		<action>ActivateWindow(Videos,"plugin://plugin.program.autowidget/?mode=group&amp;group=search_movies-1617044159.175515&amp;refresh=&amp;reload=",return)</action>
	</shortcut>
	<shortcut>
		<defaultID />
		<label>TheMoviedb</label>
		<label2>Πρόσθετο Βίντεο</label2>
		<icon>DefaultShortcut.png</icon>
		<thumb>special://home/addons\plugin.video.themoviedb.helper\icon.png</thumb>
		<action>ActivateWindow(Videos,"plugin://plugin.video.themoviedb.helper/?info=dir_movie&amp;tmdb_type=None&amp;widget=true",return)</action>
	</shortcut>
	<shortcut>
		<defaultID />
		<label>TheOath</label>
		<label2>Πρόσθετο Βίντεο</label2>
		<icon>DefaultShortcut.png</icon>
		<thumb>special://home/addons\plugin.video.theoath\icon.png</thumb>
		<action>ActivateWindow(Videos,"plugin://plugin.video.theoath/?action=movieNavigator",return)</action>
		<visible>System.HasAddon(plugin.video.theoath)</visible>
	</shortcut>
	<shortcut>
		<defaultID />
		<label>Προτιμήσεις</label>
		<label2>Custom item</label2>
		<icon>special://home/addons\plugin.program.mypreferences\icon.png</icon>
		<thumb />
		<action>ActivateWindow(Videos,"plugin://plugin.program.mypreferences/?label=1.TAINIES&amp;mode=400&amp;path=special%3A%2F%2Fprofile%2Faddon_data%2Fplugin.program.mypreferences%5C1.TAINIES",return)</action>
	</shortcut>
	<shortcut>
		<defaultID />
		<label>Seren</label>
		<label2>Πρόσθετο Βίντεο</label2>
		<icon>special://home/addons/plugin.image.TechNEWSology/resources/media/seren.jpg</icon>
		<thumb />
		<action>ActivateWindow(Videos,"plugin://plugin.video.seren/?action=moviesHome",return)</action>
	</shortcut>
	<shortcut>
		<defaultID />
		<label>Placenta</label>
		<label2>Πρόσθετο Βίντεο</label2>
		<icon>special://home/addons\plugin.video.placenta\icon.png</icon>
		<thumb />
		<action>ActivateWindow(Videos,"plugin://plugin.video.placenta/?action=movieNavigator",return)</action>
		<visible>System.HasAddon(plugin.video.placenta)</visible>
	</shortcut>
	<shortcut>
		<defaultID />
		<label>Subsmovies</label>
		<label2>Πρόσθετο Βίντεο</label2>
		<icon>special://home/addons\plugin.video.subsmovies\icon.png</icon>
		<thumb />
		<action>ActivateWindow(Videos,"plugin://plugin.video.subsmovies",return)</action>
	</shortcut>
	<shortcut>
		<defaultID />
		<label>Extra Addons</label>
		<label2>Πρόσθετο Βίντεο</label2>
		<icon>DefaultShortcut.png</icon>
		<thumb>special://home/addons/plugin.image.TechNEWSology/resources/media/add.png</thumb>
		<action>ActivateWindow(Videos,"plugin://plugin.program.autowidget/?mode=group&amp;group=addons-1620588071.6954536&amp;refresh=&amp;reload=",return)</action>
	</shortcut>
	<shortcut>
		<defaultID />
		<label>Shadow RD</label>
		<label2>Πρόσθετο Βίντεο</label2>
		<icon>special://home/addons/plugin.image.TechNEWSology/resources/media/shadow.png</icon>
		<thumb />
		<action>ActivateWindow(Videos,"plugin://plugin.video.shadow/?mode=2&amp;dates=+&amp;episode=+&amp;description=Movies&amp;show_original_year=+&amp;fanart=https%3A%2F%2Ftownsquare.media%2Fsite%2F295%2Ffiles%2F2019%2F12%2F2020-movies-collage.jpg%3Fw%3D980%26q%3D75&amp;heb_name=+&amp;iconimage=special://home/addons%5Cplugin.video.shadow%5Cresources%5Cartwork%2Fmovies.png&amp;original_title=+&amp;eng_name=+&amp;data=+&amp;url=www&amp;fav_status=false&amp;tmdbid=+&amp;season=+&amp;isr=0&amp;last_id=&amp;image_master=&amp;id=+&amp;name=Movie+World",return)</action>
	</shortcut>
	<shortcut>
		<defaultID />
		<label>Fen</label>
		<label2>Πρόσθετο Βίντεο</label2>
		<icon>special://home/addons/plugin.image.TechNEWSology/resources/media/fen.png</icon>
		<thumb />
		<action>ActivateWindow(Videos,"plugin://plugin.video.fen/?info=Access+Fen+Movie+Menus.&amp;name=Movies&amp;iconImage=movies.png&amp;foldername=Movies&amp;mode=navigator.main&amp;action=MovieList",return)</action>
	</shortcut>
	<shortcut>
		<defaultID />
		<label>Atlas</label>
		<label2>Πρόσθετο Βίντεο</label2>
		<icon>special://home/addons\plugin.video.atlas\icon.png</icon>
		<thumb />
		<action>ActivateWindow(Videos,"plugin://plugin.video.atlas/?url=&amp;mode=75&amp;name=%5BB%5D%5BCOLOR+white%5D%CE%9E%CE%AD%CE%BD%CE%B5%CF%82+%CE%A4%CE%B1%CE%B9%CE%BD%CE%AF%CE%B5%CF%82%5B%2FCOLOR%5D%5B%2FB%5D&amp;iconimage=http%3A%2F%2Fi.imgur.com%2FcTv0fXe.png&amp;description=%CE%9E%CE%AD%CE%BD%CE%B5%CF%82+%CF%84%CE%B1%CE%B9%CE%BD%CE%AF%CE%B5%CF%82+%CE%BC%CE%B5+%CF%85%CF%80%CF%8C%CF%84%CE%B9%CF%84%CE%BB%CE%BF%CF%85%CF%82.%0AMovies+with+greek+subtitles.",return)</action>
		<visible>System.HasAddon(plugin.video.atlas)</visible>
	</shortcut>
	<shortcut>
		<defaultID />
		<label>FMovies</label>
		<label2>Πρόσθετο Βίντεο</label2>
		<icon>DefaultShortcut.png</icon>
		<thumb>special://home/addons\plugin.video.fmoviesto\icon.png</thumb>
		<action>ActivateWindow(Videos,"plugin://plugin.video.fmoviesto/?mode=menumov&amp;url=https%3A%2F%2Ffmovies.to%2Fmovies&amp;page=1&amp;moviescount=0&amp;movie=True&amp;title=%CE%A4%CE%B1%CE%B9%CE%BD%CE%AF%CE%B5%CF%82&amp;image=DefaultMovies.png",return)</action>
	</shortcut>
	<shortcut>
		<defaultID />
		<label>Crackle</label>
		<label2>Πρόσθετο Βίντεο</label2>
		<icon>DefaultShortcut.png</icon>
		<thumb>special://home/addons\plugin.video.crackle\icon.png</thumb>
		<action>ActivateWindow(Videos,"plugin://plugin.video.crackle/?id=movies&amp;mode=99",return)</action>
	</shortcut>
	<shortcut>
		<defaultID />
		<label>Ghost</label>
		<label2>Custom item</label2>
		<icon>special://home/addons/plugin.image.TechNEWSology/resources/media/ghost.png</icon>
		<thumb />
		<action>ActivateWindow(Videos,"plugin://plugin.video.shadow/?mode=189&amp;iconimage=https%3A%2F%2Fwww.wirelesshack.org%2Fwp-content%2Fuploads%2F2020%2F07%2FHow-To-Install-Ghost-Kodi-Addon-2020.jpg&amp;fanart=https%3A%2F%2Ftroypoint.com%2Fwp-content%2Fuploads%2F2020%2F07%2Fghost-kodi-addon.png&amp;description=Ghost&amp;url=http%3A%2F%2Fthechains24.com%2FGhost-Addon%2Fghostxmls%2Fxmls1%2Fseries9%2Fnewm.xml&amp;name=Ghost+New+movies+1Click&amp;image_master=&amp;heb_name=+&amp;last_id=&amp;dates=+&amp;data=+&amp;original_title=+&amp;id=+&amp;season=+&amp;episode=+&amp;tmdbid=+&amp;eng_name=+&amp;show_original_year=+&amp;isr=0&amp;fav_status=false&amp;all_w=%7B%7D&amp;search_db=&amp;iconimage=https%3A%2F%2Fwww.wirelesshack.org%2Fwp-content%2Fuploads%2F2020%2F07%2FHow-To-Install-Ghost-Kodi-Addon-2020.jpg&amp;fanart=https%3A%2F%2Ftroypoint.com%2Fwp-content%2Fuploads%2F2020%2F07%2Fghost-kodi-addon.png&amp;description=Ghost&amp;url=http%3A%2F%2Fthechains24.com%2FGhost-Addon%2Fghostxmls%2Fxmls1%2Fseries9%2Fnewm.xml&amp;name=Ghost+New+movies+1Click&amp;image_master=&amp;heb_name=+&amp;last_id=&amp;dates=+&amp;data=+&amp;original_title=+&amp;id=+&amp;season=+&amp;episode=+&amp;tmdbid=+&amp;eng_name=+&amp;show_original_year=+&amp;fav_status=false&amp;all_w=%7B%7D&amp;search_db=&amp;video_data=%7B%22title%22%3A+%22Ghost+New+movies+1Click%22%2C+%22mediatype%22%3A+%22movie%22%2C+%22TVshowtitle%22%3A+%22%22%2C+%22season%22%3A+0%2C+%22episode%22%3A+0%2C+%22OriginalTitle%22%3A+%22+%22%2C+%22rating%22%3A+%220%22%2C+%22plot%22%3A+%22Ghost%22%2C+%22Tag%22%3A+%22None%22%2C+%22id%22%3A+%22+%22%7D&amp;video_data=%7B%22title%22%3A+%22Ghost+New+movies+1Click%22%2C+%22mediatype%22%3A+%22movie%22%2C+%22TVshowtitle%22%3A+%22%22%2C+%22season%22%3A+0%2C+%22episode%22%3A+0%2C+%22OriginalTitle%22%3A+%22+%22%2C+%22rating%22%3A+%220%22%2C+%22plot%22%3A+%22Ghost%22%2C+%22Tag%22%3A+%22None%22%2C+%22id%22%3A+%22+%22%7D",return)</action>
		<visible>System.HasAddon(plugin.video.shadow)</visible>
	</shortcut>
	<shortcut>
		<defaultID />
		<label>Release BB</label>
		<label2>Πρόσθετο Βίντεο</label2>
		<icon>special://home/addons/plugin.image.TechNEWSology/resources/media/releaseBB.png</icon>
		<thumb>thumb</thumb>
		<action>ActivateWindow(Videos,"plugin://plugin.video.releaseBB/?mode=Categories&amp;section=movies",return)</action>
	</shortcut>
	<shortcut>
		<defaultID>plugin.video.elementum/movies/</defaultID>
		<label>Elementum</label>
		<label2>Πρόσθετο Βίντεο</label2>
		<icon>special://home/addons/plugin.video.elementum/icon.png</icon>
		<thumb />
		<action>ActivateWindow(Videos,"plugin://plugin.video.elementum/movies/",return)</action>
		<visible>System.HasAddon(plugin.video.elementum)</visible>
	</shortcut>
	<shortcut>
		<defaultID />
		<label>Gaia</label>
		<label2>Custom item</label2>
		<icon>special://home/addons/plugin.image.TechNEWSology/resources/media/gaia.jpg</icon>
		<thumb />
		<action>ActivateWindow(Videos,"plugin://plugin.video.gaia/?action=moviesLists&amp;type=movie&amp;kids=0",return)</action>
		<visible>System.HasAddon(plugin.video.gaia)</visible>
	</shortcut>
	<shortcut>
		<defaultID />
		<label>The Crew</label>
		<label2>Πρόσθετο Βίντεο</label2>
		<icon>DefaultShortcut.png</icon>
		<thumb>special://home/addons/plugin.image.TechNEWSology/resources/media/crew.jpg</thumb>
		<action>ActivateWindow(Videos,"plugin://plugin.video.thecrew/?action=movieNavigator",return)</action>
	</shortcut>
	<shortcut>
		<defaultID />
		<label>The Crew (1 clicks)</label>
		<label2>Πρόσθετο Βίντεο</label2>
		<icon>DefaultShortcut.png</icon>
		<thumb>special://home/addons/plugin.image.TechNEWSology/resources/media/crew.jpg</thumb>
		<action>ActivateWindow(Videos,"plugin://plugin.video.thecrew/?action=greenhat",return)</action>
	</shortcut>
	<shortcut>
		<defaultID />
		<label>ErtFlix</label>
		<label2>Πρόσθετο Βίντεο</label2>
		<icon>special://home/addons\plugin.video.ert.gr\icon.png</icon>
		<thumb />
		<action>ActivateWindow(Videos,"plugin://plugin.video.ert.gr/?action=listing&amp;url=https%3A%2F%2Fwww.ertflix.gr%2Fcategory%2Ftainies%2F&amp;title=%CE%A4%CE%B1%CE%B9%CE%BD%CE%AF%CE%B5%CF%82",return)</action>
	</shortcut>
	<shortcut>
		<defaultID />
		<label>AliveGR</label>
		<label2>Πρόσθετο Βίντεο</label2>
		<icon>special://home/addons\plugin.video.AliveGR\resources\media\icon.png</icon>
		<thumb />
		<action>ActivateWindow(Videos,"plugin://plugin.video.AliveGR/?action=movies&amp;title=%CE%A4%CE%B1%CE%B9%CE%BD%CE%AF%CE%B5%CF%82",return)</action>
	</shortcut>
	<shortcut>
		<defaultID>plugin.video.netflix</defaultID>
		<label>NetFlix</label>
		<label2>Πρόσθετο Βίντεο</label2>
		<icon>special://home/addons/plugin.image.TechNEWSology/resources/media/netflix.jpg</icon>
		<thumb />
		<action>ActivateWindow(Videos,"plugin://plugin.video.netflix",return)</action>
	</shortcut>
	<shortcut>
		<defaultID />
		<label>Tempest</label>
		<label2>Πρόσθετο Βίντεο</label2>
		<icon>special://home/addons\plugin.video.tempest\icon.png</icon>
		<thumb />
		<action>ActivateWindow(Videos,"plugin://plugin.video.tempest/?action=movieNavigator",return)</action>
		<visible>System.HasAddon(plugin.video.tempest)</visible>
	</shortcut>
	<shortcut>
		<defaultID />
		<label>Venom</label>
		<label2>Πρόσθετο Βίντεο</label2>
		<icon>DefaultShortcut.png</icon>
		<thumb>special://home/addons\plugin.video.venom\icon.png</thumb>
		<action>ActivateWindow(Videos,"plugin://plugin.video.venom/?action=movieNavigator",return)</action>
		<visible>System.HasAddon(plugin.video.venom)</visible>
	</shortcut>
	<shortcut>
		<defaultID />
		<label>Magic Dragon</label>
		<label2>Custom item</label2>
		<icon>special://home/addons\plugin.video.themagicdragon\icon.jpg</icon>
		<thumb />
		<action>ActivateWindow(Videos,"plugin://plugin.video.themagicdragon/?url=https%3A%2F%2Fraw.githubusercontent.com%2Ftombebbs1%2Fmagicdragon%2Fmaster%2Fmoviezone.txt&amp;mode=1&amp;name=%5BB%5D%5BI%5D%5BCOLORpink%5DMovies%5B%2FB%5D%5B%2FI%5D%5B%2FCOLOR%5D&amp;fanart=https%3A%2F%2Fgithub.com%2Ftombebbs1%2Fmagicdragon%2Fblob%2Fmaster%2Ffanart.jpg%3Fraw%3Dtrue",return)</action>
		<visible>System.HasAddon(plugin.video.themagicdragon)</visible>
	</shortcut>
</shortcuts>
