<shortcuts>
	<shortcut>
		<defaultID>plugin.video.tvone</defaultID>
		<label>tvOne All</label>
		<label2>Custom item</label2>
		<icon>special://home/addons/plugin.image.TechNEWSology/resources/media/TVONE.png</icon>
		<thumb />
		<action>RunScript("special://home/addons/plugin.program.autowidget/folders/py/TvOne.py")</action>
	</shortcut>
	<shortcut>
		<defaultID>19019</defaultID>
		<label>PVR Stalker</label>
		<label2>Live TV</label2>
		<icon>special://home/addons/plugin.image.TechNEWSology/resources/media/stalker.png</icon>
		<thumb />
		<action condition="!System.HasAddon(pvr.stalker)">RunScript("special://skin/16x9/InstallStalker.py")</action>
		<action>ActivateWindow(TVChannels)</action>
	</shortcut>
	<shortcut>
		<defaultID />
		<label>Fluxus IPTV</label>
		<label2>Πρόσθετο Βίντεο</label2>
		<icon>DefaultShortcut.png</icon>
		<thumb>special://home/addons/plugin.image.TechNEWSology/resources/media/fluxus.png</thumb>
		<action>ActivateWindow(Videos,"plugin://plugin.video.playlistloader/?name=%5Ba%5D&amp;url=https%3A%2F%2Fbitbucket.org%2F%21api%2F2.0%2Fsnippets%2Ffluxustv%2FexpnoX%2F5e2627cda2a19eea8adf521c70a9e678a85e6955%2Ffiles%2FIPTV_032321&amp;mode=2",return)</action>
	</shortcut>
	<shortcut>
		<defaultID />
		<label>Προτιμήσεις</label>
		<label2>Custom item</label2>
		<icon>special://home/addons\plugin.program.mypreferences\icon.png</icon>
		<thumb />
		<action>ActivateWindow(Videos,"plugin://plugin.program.mypreferences/?label=4.WORLD+TV&amp;mode=400&amp;path=special%3A%2F%2Fprofile%2Faddon_data%2Fplugin.program.mypreferences%5C4.WORLD+TV",return)</action>
	</shortcut>
	<shortcut>
		<defaultID>plugin.video.playlistloader</defaultID>
		<label>Playlist Loader</label>
		<label2>Πρόσθετο Βίντεο</label2>
		<icon>special://home/addons\plugin.video.playlistloader\icon.png</icon>
		<thumb>thumb</thumb>
		<action>ActivateWindow(Videos,"plugin://plugin.video.playlistloader",return)</action>
	</shortcut>
	<shortcut>
		<defaultID>plugin.video.skylinecctv</defaultID>
		<label>Skyline WebCams</label>
		<label2>Πρόσθετο Βίντεο</label2>
		<icon>special://home/addons/plugin.image.TechNEWSology/resources/media/skylinecctv.png</icon>
		<thumb>thumb</thumb>
		<action>ActivateWindow(Videos,"plugin://plugin.video.skylinecctv",return)</action>
	</shortcut>
	<shortcut>
		<defaultID />
		<label>Sportowo</label>
		<label2>Πρόσθετο Βίντεο</label2>
		<icon>DefaultShortcut.png</icon>
		<thumb>special://home/addons\plugin.video.PLsportowo\icon.png</thumb>
		<action>ActivateWindow(Videos,"plugin://plugin.video.PLsportowo/?mode=liveChannels&amp;url=&amp;image=special://home/addons%5Cplugin.video.PLsportowo%5C%2Fresources%2Fchan2.png&amp;title=Live+channels",return)</action>
	</shortcut>
	<shortcut>
		<defaultID />
		<label>The Crew</label>
		<label2>Πρόσθετο Βίντεο</label2>
		<icon>DefaultShortcut.png</icon>
		<thumb>special://home/addons/plugin.image.TechNEWSology/resources/media/crew.jpg</thumb>
		<action>ActivateWindow(Videos,"plugin://plugin.video.thecrew/?action=whitehat",return)</action>
	</shortcut>
	<shortcut>
		<defaultID />
		<label>Cloud9</label>
		<label2>Πρόσθετο Βίντεο</label2>
		<icon>https://i.pinimg.com/originals/fc/54/db/fc54db64504754ab554f0530cfb03135.jpg</icon>
		<thumb />
		<action>ActivateWindow(Videos,"plugin://plugin.video.Cloud9/?mode=open_site&amp;category=live_sport&amp;site=ustvgo",return)</action>
	</shortcut>
	<shortcut>
		<defaultID />
		<label>Apex Sports</label>
		<label2>Πρόσθετο Βίντεο</label2>
		<icon>DefaultShortcut.png</icon>
		<thumb>special://home/addons\plugin.video.apex_sports\icon.jpg</thumb>
		<action>ActivateWindow(Videos,"plugin://plugin.video.apex_sports/?mode=open_category&amp;category=live_tv",return)</action>
	</shortcut>
	<shortcut>
		<defaultID />
		<label>xXx</label>
		<label2>Custom item</label2>
		<icon>special://home/addons/plugin.image.TechNEWSology/resources/media/HDX.png</icon>
		<thumb />
		<action>ActivateWindow(Videos,"plugin://plugin.program.autowidget/?mode=group&amp;group=xxx-1619961180.2509713&amp;refresh=&amp;reload=",return)</action>
	</shortcut>
</shortcuts>
