<?xml version="1.0" encoding="UTF-8" standalone="yes"?>
<addon id="repository.a4ksubtitles"
       name="a4kSubtitles Repository"
       version="1.1.0"
       provider-name="Unknown">
    <extension point="xbmc.addon.repository">
        <dir>
            <info>https://raw.githubusercontent.com/newt-sc/a4kSubtitles/master/packages/addons.xml</info>
            <checksum>https://raw.githubusercontent.com/newt-sc/a4kSubtitles/master/packages/addons.xml.crc</checksum>
            <datadir>https://github.com/newt-sc/a4kSubtitles/archive</datadir>
            <artdir>https://github.com/a4k-openproject/a4kSubtitles/releases/download/v0.0.13</artdir>
        </dir>
    </extension>
    <extension point="xbmc.addon.metadata">
        <summary>a4kSubtitles</summary>
        <description>a4kSubtitles Repository</description>
        <platform>all</platform>
        <assets>
            <icon>icon.png</icon>
        </assets>
    </extension>
</addon>
