<?xml version="1.0" encoding="UTF-8" standalone="yes"?>
<addon id="repository.loop" name="[COLORlime]Loop[/COLOR] Repository" version="3.0.0" provider-name="The Loop">
    <extension point="xbmc.addon.repository" name="Loop Repository">
        <dir>
            <info compressed="false">https://loopaddon.uk/zips19/addons.xml</info>
            <checksum>https://loopaddon.uk/zips19/addons.xml.md5</checksum>
            <datadir zip="true">https://loopaddon.uk/zips19/</datadir>
        </dir>
    </extension>
    <extension point="xbmc.addon.metadata">
        <assets>
            <icon>icon.png</icon>
            <fanart>fanart.jpg</fanart>         
        </assets>
        <summary lang="en"></summary>
        <description lang="en"></description>
        <genre></genre>
    </extension>
</addon>