<?xml version="1.0" encoding="UTF-8"?>  <!-- Modified by TechNEWSology -->
<window>
	<defaultcontrol always="true">9000</defaultcontrol>
	<onload>ClearProperty(RunSkinShortcutsAfterInstall,Home)</onload>
	<onload condition="!System.HasAddon(script.skinshortcuts)">SetProperty(MissingDependency,True,Home)</onload>
	<onload condition="!System.HasAddon(script.skinshortcuts)">ActivateWindow(1126)</onload>
	<onload condition="System.HasAddon(script.skinshortcuts) + String.IsEmpty(Window(Home).Property(RunSkinShortcutsAfterInstall))">RunScript(script.skinshortcuts,type=buildxml&amp;mainmenuID=9000&amp;levels=2&amp;options=noGroups)</onload>
	<onload condition="System.HasAddon(script.skinshortcuts) + !Skin.HasSetting(AskedDefaultBackground)">SetProperty(AskDefaultBackground,True,Home)</onload>
	<onload condition="System.HasAddon(script.skinshortcuts) + !Skin.HasSetting(AskedDefaultBackground) + !Control.IsVisible(9999)">AlarmClock(Ask for Default Background,ActivateWindow(1126),00:02,silent)</onload>
	<onload condition="System.HasAddon(script.skin.info.service) + String.IsEmpty(Window(home).Property(skininfos_daemon_running))">RunScript(script.skin.info.service)</onload>
	<menucontrol>9051</menucontrol>
	<controls>
		<control type="button" id="64">
			<include>HiddenObject</include>
			<onback>SetFocus(9000)</onback>
			<onleft>SetFocus(9000)</onleft>
			<onright>SetFocus(9000)</onright>
			<onup>SetFocus(9000)</onup>
			<ondown>SetFocus(9000)</ondown>
			<onclick>SetFocus(9000)</onclick>
		</control>
		<control type="fadelabel" id="4410">
			<top>-100</top>
			<width>2560</width>
			<height>0</height>
			<scroll>false</scroll>
			<scrollout>false</scrollout>
			<randomize>true</randomize>
			<resetonlabelchange>true</resetonlabelchange>
			<visible>!Skin.HasSetting(Disable.ExtraFanart)</visible>
			<include>FadeLabelTime</include>
			<label>$INFO[Container.ListItem.Art(fanart)]</label>
			<label>$INFO[Container.ListItem.Art(fanart1)]</label>
			<label>$INFO[Container.ListItem.Art(fanart2)]</label>
			<label>$INFO[Container.ListItem.Art(fanart3)]</label>
			<label>$INFO[Container.ListItem.Art(fanart4)]</label>
			<label>$INFO[Container.ListItem.Art(fanart5)]</label>
			<label>$INFO[Container.ListItem.Art(fanart6)]</label>
			<label>$INFO[Container.ListItem.Art(fanart7)]</label>
			<label>$INFO[Container.ListItem.Art(fanart8)]</label>
			<label>$INFO[Container.ListItem.Art(fanart9)]</label>
			<label>$INFO[Container.ListItem.Art(fanart10)]</label>
			<label>$INFO[Container.ListItem.Art(fanart11)]</label>
			<label>$INFO[Container.ListItem.Art(fanart12)]</label>
			<label>$INFO[Container.ListItem.Art(fanart13)]</label>
			<label>$INFO[Container.ListItem.Art(fanart14)]</label>
			<label>$INFO[Container.ListItem.Art(fanart15)]</label>
			<label>$INFO[Container.ListItem.Art(fanart16)]</label>
			<label>$INFO[Container.ListItem.Art(fanart17)]</label>
			<label>$INFO[Container.ListItem.Art(fanart18)]</label>
			<label>$INFO[Container.ListItem.Art(fanart19)]</label>
			<label>$INFO[Container.ListItem.Art(fanart20)]</label>
			<label>$INFO[Container.ListItem.Art(tvshow.fanart1)]</label>
			<label>$INFO[Container.ListItem.Art(tvshow.fanart2)]</label>
			<label>$INFO[Container.ListItem.Art(tvshow.fanart3)]</label>
			<label>$INFO[Container.ListItem.Art(tvshow.fanart4)]</label>
			<label>$INFO[Container.ListItem.Art(tvshow.fanart5)]</label>
			<label>$INFO[Container.ListItem.Art(tvshow.fanart6)]</label>
			<label>$INFO[Container.ListItem.Art(tvshow.fanart7)]</label>
			<label>$INFO[Container.ListItem.Art(tvshow.fanart8)]</label>
			<label>$INFO[Container.ListItem.Art(tvshow.fanart9)]</label>
			<label>$INFO[Container.ListItem.Art(tvshow.fanart10)]</label>
			<label>$INFO[Container.ListItem.Art(tvshow.fanart11)]</label>
			<label>$INFO[Container.ListItem.Art(tvshow.fanart12)]</label>
			<label>$INFO[Container.ListItem.Art(tvshow.fanart13)]</label>
			<label>$INFO[Container.ListItem.Art(tvshow.fanart14)]</label>
			<label>$INFO[Container.ListItem.Art(tvshow.fanart15)]</label>
			<label>$INFO[Container.ListItem.Art(tvshow.fanart16)]</label>
			<label>$INFO[Container.ListItem.Art(tvshow.fanart17)]</label>
			<label>$INFO[Container.ListItem.Art(tvshow.fanart18)]</label>
			<label>$INFO[Container.ListItem.Art(tvshow.fanart19)]</label>
			<label>$INFO[Container.ListItem.Art(tvshow.fanart20)]</label>
			<label>$INFO[Container.ListItem.Art(artist.fanart1)]</label>
			<label>$INFO[Container.ListItem.Art(artist.fanart2)]</label>
			<label>$INFO[Container.ListItem.Art(artist.fanart3)]</label>
			<label>$INFO[Container.ListItem.Art(artist.fanart4)]</label>
			<label>$INFO[Container.ListItem.Art(artist.fanart5)]</label>
			<label>$INFO[Container.ListItem.Art(artist.fanart6)]</label>
			<label>$INFO[Container.ListItem.Art(artist.fanart7)]</label>
			<label>$INFO[Container.ListItem.Art(artist.fanart8)]</label>
			<label>$INFO[Container.ListItem.Art(artist.fanart9)]</label>
			<label>$INFO[Container.ListItem.Art(artist.fanart10)]</label>
			<label>$INFO[Container.ListItem.Art(artist.fanart11)]</label>
			<label>$INFO[Container.ListItem.Art(artist.fanart12)]</label>
			<label>$INFO[Container.ListItem.Art(artist.fanart13)]</label>
			<label>$INFO[Container.ListItem.Art(artist.fanart14)]</label>
			<label>$INFO[Container.ListItem.Art(artist.fanart15)]</label>
			<label>$INFO[Container.ListItem.Art(artist.fanart16)]</label>
			<label>$INFO[Container.ListItem.Art(artist.fanart17)]</label>
			<label>$INFO[Container.ListItem.Art(artist.fanart18)]</label>
			<label>$INFO[Container.ListItem.Art(artist.fanart19)]</label>
			<label>$INFO[Container.ListItem.Art(artist.fanart20)]</label>
			<label>$INFO[Container.ListItem.Art(albumartist.fanart1)]</label>
			<label>$INFO[Container.ListItem.Art(albumartist.fanart2)]</label>
			<label>$INFO[Container.ListItem.Art(albumartist.fanart3)]</label>
			<label>$INFO[Container.ListItem.Art(albumartist.fanart4)]</label>
			<label>$INFO[Container.ListItem.Art(albumartist.fanart5)]</label>
			<label>$INFO[Container.ListItem.Art(albumartist.fanart6)]</label>
			<label>$INFO[Container.ListItem.Art(albumartist.fanart7)]</label>
			<label>$INFO[Container.ListItem.Art(albumartist.fanart8)]</label>
			<label>$INFO[Container.ListItem.Art(albumartist.fanart9)]</label>
			<label>$INFO[Container.ListItem.Art(albumartist.fanart10)]</label>
			<label>$INFO[Container.ListItem.Art(albumartist.fanart11)]</label>
			<label>$INFO[Container.ListItem.Art(albumartist.fanart12)]</label>
			<label>$INFO[Container.ListItem.Art(albumartist.fanart13)]</label>
			<label>$INFO[Container.ListItem.Art(albumartist.fanart14)]</label>
			<label>$INFO[Container.ListItem.Art(albumartist.fanart15)]</label>
			<label>$INFO[Container.ListItem.Art(albumartist.fanart16)]</label>
			<label>$INFO[Container.ListItem.Art(albumartist.fanart17)]</label>
			<label>$INFO[Container.ListItem.Art(albumartist.fanart18)]</label>
			<label>$INFO[Container.ListItem.Art(albumartist.fanart19)]</label>
			<label>$INFO[Container.ListItem.Art(albumartist.fanart20)]</label>
		</control>
		<control type="fadelabel" id="4411">
			<top>-100</top>
			<width>2560</width>
			<height>0</height>
			<scroll>false</scroll>
			<scrollout>false</scrollout>
			<randomize>true</randomize>
			<resetonlabelchange>true</resetonlabelchange>
			<include>FadeLabelTime</include>
			<!-- All Movies -->
			<label>$INFO[Container(9035).ListItem.Art(fanart)]</label>
			<!-- All TV Shows -->
			<label>$INFO[Container(9036).ListItem.Art(fanart)]</label>
			<!-- All Album Artists -->
			<label>$INFO[Container(9037).ListItem.Art(fanart)]</label>
			<!-- All Music Videos -->
			<label>$INFO[Container(9038).ListItem.Art(fanart)]</label>
		</control>
		<include>HomeFanartLists</include>
		<control type="group" id="9999">
			<visible>System.HasAddon(script.skinshortcuts) + [Integer.IsEqual(Container(9000).NumItems,0) | Container(9000).IsUpdating]</visible>
			<control type="image">
				<include>FullscreenDimensions</include>
				<texture border="1">black.png</texture>
			</control>
			<control type="group">
				<control type="label">
					<top>300</top>
					<width>100%</width>
					<height>100</height>
					<align>center</align>
					<font>font_skinversion</font>
					<label>$LOCALIZE[31526]</label>
				</control>
				<control type="fadelabel">
					<top>400</top>
					<width>100%</width>
					<height>100</height>
					<align>center</align>
					<font>font_kodiversion</font>
					<label>$LOCALIZE[31527]</label>
					<label>$LOCALIZE[31527].</label>
					<label>$LOCALIZE[31527]..</label>
					<label>$LOCALIZE[31527]...</label>
					<scrollout>false</scrollout>
					<pauseatend>1000</pauseatend>
				</control>
			</control>
			<control type="image">
				<left>1482</left>
				<top>853</top>
				<width>400</width>
				<height>130</height>
				<aspectratio align="right">keep</aspectratio>
				<texture>aeon-nox-logo.png</texture>
			</control>
			<control type="image">
				<left>82</left>
				<top>840</top>
				<width>356</width>
				<height>120</height>
				<aspectratio align="left">keep</aspectratio>
				<texture>xbmc-logo.png</texture>
			</control>
		</control>
		<control type="button" id="9051">
			<include>HiddenObject</include>
			<onfocus condition="Player.HasMedia">ActivateWindow(playercontrols)</onfocus>
			<onfocus condition="!Player.HasMedia">SetFocus(9000)</onfocus>
		</control>
		<include>CommonBackground</include>
		<control type="group">
			<visible>!Integer.IsEqual(Container(9000).NumItems,0) + !Control.HasFocus(64)</visible>
			<include>VisibleFadeAnimation</include>
			<include condition="!Skin.HasSetting(Disable.Videoinfo)">NowPlayingVideoWidget</include>
			<include condition="!Skin.HasSetting(Disable.Musicinfo)">NowPlayingMusicWidget</include>
			<include>Widget1</include>
			<include>Widget2</include>
			<include>LiveTVWidget</include>
			<!-- RSS Widgets -->
			<include condition="[String.IsEqual(Skin.String(RSS.Position),$LOCALIZE[418]) | String.IsEqual(Skin.String(RSS.Position),$LOCALIZE[571])] + [system.getbool(lookandfeel.enablerssfeeds) + !String.IsEqual(Skin.String(MainMenu.Layout),vertical)]">RSSFeedWidget</include>
			<include condition="String.IsEqual(Skin.String(RSS.Position),$LOCALIZE[419]) + [system.getbool(lookandfeel.enablerssfeeds) + !String.IsEqual(Skin.String(MainMenu.Layout),vertical)]">RSSFeedWidget2</include>
			<include condition="String.IsEqual(Skin.String(MainMenu.Layout),vertical)">RSSFeedWidgetVerticalMenu</include>
			<!-- Horizontal Menu -->
			<include condition="!String.IsEqual(Skin.String(MainMenu.Layout),vertical)">HorizontalMenuSystemBars</include>
			<control type="group">
				<visible>!String.IsEqual(Skin.String(MainMenu.Layout),vertical)</visible>
				<top>365</top>
				<animation effect="slide" end="0,338" time="320" tween="cubic" easing="inout" condition="Skin.HasSetting(lowermainmenu)">Conditional</animation>
				<animation type="WindowOpen" reversible="false" condition="Window.Previous(Startup)">
					<effect type="zoom" start="0" end="100" center="960,540" delay="500" time="300" tween="cubic" />
				</animation>
				<animation type="WindowOpen" reversible="false" condition="!Window.Previous(Startup)">
					<effect type="zoom" start="150" end="100" center="960,540" time="300" tween="cubic" />
					<effect type="fade" start="50" end="100" time="300" />
				</animation>
				<animation type="WindowClose" reversible="false">
					<effect type="fade" start="100" end="0" time="300" />
					<effect type="zoom" start="100" end="130" center="960,540" time="300" tween="cubic" easing="in" />
				</animation>
				<include condition="system.getbool(input.enablemouse)">SubmenuMouseButton</include>
				<control type="group">
					<width>100%</width>
					<control type="group" id="9001">
						<top>159</top>
						<include condition="[String.IsEqual(Skin.String(RSS.Position),$LOCALIZE[571]) | !String.IsEqual(Skin.String(RSS.Position),$LOCALIZE[571]) + !Skin.HasSetting(Enable.VisibleSubmenu)] + system.getbool(lookandfeel.enablerssfeeds) | [!system.getbool(lookandfeel.enablerssfeeds) + !Skin.HasSetting(Enable.VisibleSubmenu)]">SubMenuAnimation</include>
						<animation effect="slide" start="1870,0" end="0,0" delay="300" time="240" condition="!Window.Previous(startup)">WindowOpen</animation>
						<animation effect="slide" start="1870,0" end="0,0" delay="200" time="480" condition="Window.Previous(startup)">WindowOpen</animation>
						<control type="image">
							<height>87</height>
							<texture colordiffuse="$VAR[ThemeHomeSystemBarsColor]">submenu_bar.png</texture>
							<visible>[String.IsEmpty(Skin.String(ThemeHomeMenuBarColor)) | String.IsEqual(Skin.String(ThemeHomeMenuBarColor),None)] + [String.IsEmpty(Skin.String(ThemeHomeSystemBarsColor)) | String.IsEqual(Skin.String(ThemeHomeSystemBarsColor),None)]</visible>
						</control>
						<control type="image">
							<height>87</height>
							<texture colordiffuse="$VAR[ThemeHomeSystemBarsColor]">submenu_bar_white.png</texture>
							<visible>[!String.IsEmpty(Skin.String(ThemeHomeMenuBarColor)) + !String.IsEqual(Skin.String(ThemeHomeMenuBarColor),None)] | [!String.IsEmpty(Skin.String(ThemeHomeSystemBarsColor)) + !String.IsEqual(Skin.String(ThemeHomeSystemBarsColor),None)]</visible>
						</control>
						<include condition="!String.IsEqual(Skin.String(MainMenu.Layout),vertical)">HorizontalSubMenu</include>
					</control>
					<control type="image">
						<top>-4</top>
						<height>230</height>
						<texture>homemenu_back.png</texture>
					</control>
					<control type="image">
						<top>-4</top>
						<height>230</height>
						<texture colordiffuse="$VAR[ThemeHomeMenuBarColor]">homemenu_back_white.png</texture>
						<visible>!String.IsEmpty(Skin.String(ThemeHomeMenuBarColor)) + !String.IsEqual(Skin.String(ThemeHomeMenuBarColor),None)</visible>
					</control>
				</control>
				<!-- Horizontal Menu Content -->
				<include condition="String.IsEqual(Skin.String(MainMenu.Layout),1)">OneMainMenuItemListContent</include>
				<include condition="Skin.HasSetting(HomeMenuNavVar) + !String.IsEqual(Skin.String(MainMenu.Layout),1) + !String.IsEqual(Skin.String(MainMenu.Layout),vertical)">MainMenuListFixed</include>
				<include condition="!Skin.HasSetting(HomeMenuNavVar) + !String.IsEqual(Skin.String(MainMenu.Layout),1) + !String.IsEqual(Skin.String(MainMenu.Layout),vertical)">MainMenuListWrapped</include>
				<control type="image">
					<top>58</top>
					<width>100</width>
					<height>104</height>
					<texture border="1">side_fade.png</texture>
				</control>
				<control type="image">
					<left>1820</left>
					<top>58</top>
					<width>100</width>
					<height>104</height>
					<texture flipx="true" border="1">side_fade.png</texture>
				</control>
				<control type="image">
					<top>90</top>
					<width>100%</width>
					<height>72</height>
					<texture border="1">gradient_floor.png</texture>
					<visible>!String.IsEqual(Skin.String(MainMenu.Layout),icons)</visible>
				</control>
			</control>
			<!-- Vertical Menu -->
			<control type="group">
				<visible>String.IsEqual(Skin.String(MainMenu.Layout),vertical)</visible>
				<animation effect="slide" end="-480,0" time="240">WindowClose</animation>
				<animation effect="slide" start="-480,0" end="0,0" delay="300" time="240" condition="!window.previous(startup)">WindowOpen</animation>
				<animation effect="slide" start="-480,0" end="0,0" delay="800" time="480" condition="window.previous(startup)">WindowOpen</animation>
				<animation effect="slide" end="-410,0" time="320" tween="cubic" easing="inout" condition="$EXP[HasVerticalMenuWithExtended]">Conditional</animation>
				<control type="image">
					<width>455</width>
					<height>1080</height>
					<texture border="40">mediamenu_back.png</texture>
					<animation effect="fade" start="100" end="80" condition="true">Conditional</animation>
					<visible>[String.IsEmpty(Skin.String(ThemeHomeMenuBarColor)) | String.IsEqual(Skin.String(ThemeHomeMenuBarColor),None)]</visible>
				</control>
				<control type="image">
					<width>455</width>
					<height>1080</height>
					<texture colordiffuse="$VAR[ThemeHomeMenuBarColor]" border="40">mediamenu_back_white.png</texture>
					<animation effect="fade" start="100" end="80" condition="true">Conditional</animation>
					<visible>!String.IsEmpty(Skin.String(ThemeHomeMenuBarColor)) + !String.IsEqual(Skin.String(ThemeHomeMenuBarColor),None)</visible>
				</control>
				<control type="button">
					<top>528</top>
					<width>25</width>
					<height>25</height>
					<texturefocus flipx="true" colordiffuse="white">arrowright2.png</texturefocus>
					<texturenofocus flipx="true" colordiffuse="grey">arrowright2.png</texturenofocus>
					<onclick>90001</onclick>
					<visible>String.IsEqual(Container(9000).ListItem.Property(hasSubmenu),True)</visible>
					<include>VisibleFadeAnimation</include>
				</control>
				<include condition="Skin.HasSetting(HomeMenuNavVar) + String.IsEqual(Skin.String(MainMenu.Layout),vertical)">VerticalMainMenuListFixed</include>
				<include condition="!Skin.HasSetting(HomeMenuNavVar) + String.IsEqual(Skin.String(MainMenu.Layout),vertical)">VerticalMainMenuListWrapped</include>
			</control>
			<!-- Fanart Title Widget -->
			<control type="group">
				<visible>String.Contains(Container(9000).ListItem.Property(background),.Fanart) + !String.Contains(Container(9000).ListItem.Property(background),Weather) + ![Player.HasVideo + !Skin.HasSetting(Disable.ShowBackgroundVideo)]</visible>
				<include condition="!Skin.HasSetting(Disable.FanartTitle)">FanartTitle</include>
			</control>
			<!-- Vertical SubMenu + System Bars -->
			<include condition="String.IsEqual(Skin.String(MainMenu.Layout),vertical)">VerticalSubMenu</include>
			<include condition="String.IsEqual(Skin.String(MainMenu.Layout),vertical)">VerticalMenuSystemBars</include>
			</control>
			<!--  Fast MainMenu  -->
			<control type="textbox">
				<description>Fast MainMenu</description>
				<left>900</left>
				<top>610</top>
				<font>font13_titletech</font>
				<textcolor>white</textcolor>
				<shadowcolor>black</shadowcolor>
				<label>Fast Menu</label>
				<visible>Control.HasFocus(123)</visible>
			</control>
			<control type="button" id="123">
				<description>Fast MainMenu > tainies</description>
				<left>885</left>
				<top>640</top>
				<width>130</width>
				<height>130</height>
				<onup>21</onup>
				<ondown>9000</ondown>
				<onclick>ActivateWindow(Videos,"plugin://plugin.video.themoviedb.helper/?info=trending_week&amp;tmdb_type=movie",return)</onclick>
				<texturefocus border="1">12.png</texturefocus>
				<texturenofocus border="30">12.png</texturenofocus>
				<visible>String.IsEqual(Container(9000).ListItem.Property(submenuVisibility),tainies)</visible>
				<visible>!Control.IsVisible(90010)</visible>
			</control>
			<control type="button" id="123">
				<description>Fast MainMenu > tel-seires</description>
				<left>885</left>
				<top>640</top>
				<width>130</width>
				<height>130</height>
				<onup>21</onup>
				<ondown>9000</ondown>
				<onclick>ActivateWindow(Videos,"plugin://plugin.video.themoviedb.helper/?info=popular&amp;tmdb_type=tv",return)</onclick>
				<texturefocus border="1">12.png</texturefocus>
				<texturenofocus border="30">12.png</texturenofocus>
				<visible>String.IsEqual(Container(9000).ListItem.Property(submenuVisibility),tel-seires)</visible>
				<visible>!Control.IsVisible(90010)</visible>
			</control>
			<control type="button" id="123">
				<description>Fast MainMenu > ellenika</description>
				<left>885</left>
				<top>640</top>
				<width>130</width>
				<height>130</height>
				<onup>21</onup>
				<ondown>9000</ondown>
				<onclick>ActivateWindow(Videos,"plugin://plugin.video.AliveGR/?action=live_tv&amp;title=%CE%96%CF%89%CE%BD%CF%84%CE%B1%CE%BD%CE%AE+%CE%A4%CE%B7%CE%BB%CE%B5%CF%8C%CF%81%CE%B1%CF%83%CE%B7",return)</onclick>
				<texturefocus border="1">12.png</texturefocus>
				<texturenofocus border="30">12.png</texturenofocus>
				<visible>String.IsEqual(Container(9000).ListItem.Property(submenuVisibility),plugin-video-alivegr)</visible>
				<visible>!Control.IsVisible(90010)</visible>
			</control>
			<control type="button" id="123">
				<description>Fast MainMenu > worldtv</description>
				<left>885</left>
				<top>640</top>
				<width>130</width>
				<height>130</height>
				<onup>21</onup>
				<ondown>9000</ondown>
				<onclick>RunScript("special://home/addons/plugin.program.autowidget/folders/py/TvOne.py")</onclick>
				<texturefocus border="1">12.png</texturefocus>
				<texturenofocus border="30">12.png</texturenofocus>
				<visible>String.IsEqual(Container(9000).ListItem.Property(submenuVisibility),worldtv)</visible>
				<visible>!Control.IsVisible(90010)</visible>
			</control>
			<control type="button" id="123">
				<description>Fast MainMenu > spor</description>
				<left>885</left>
				<top>640</top>
				<width>130</width>
				<height>130</height>
				<onup>21</onup>
				<ondown>9000</ondown>
				<onclick>RunScript("special://home/addons/plugin.program.autowidget/folders/py/Live_Now.py")</onclick>
				<texturefocus border="1">12.png</texturefocus>
				<texturenofocus border="30">12.png</texturenofocus>
				<visible>String.IsEqual(Container(9000).ListItem.Property(submenuVisibility),spor)</visible>
				<visible>!Control.IsVisible(90010)</visible>
			</control>
			<control type="button" id="123">
				<description>Fast MainMenu > ntokumanter</description>
				<left>885</left>
				<top>640</top>
				<width>130</width>
				<height>130</height>
				<onup>21</onup>
				<ondown>9000</ondown>
				<onclick>ActivateWindow(Videos,"plugin://plugin.video.tvone11/list_channels/16?sf_options=meta%3Dlabel%253DWILDLIFE%252B%252526%252BSCIENCE%252BTV%26",return)</onclick>
				<texturefocus border="1">12.png</texturefocus>
				<texturenofocus border="30">12.png</texturenofocus>
				<visible>String.IsEqual(Container(9000).ListItem.Property(submenuVisibility),ntokumanter)</visible>
				<visible>!Control.IsVisible(90010)</visible>
			</control>
			<control type="button" id="123">
				<description>Fast MainMenu > paidika</description>
				<left>885</left>
				<top>640</top>
				<width>130</width>
				<height>130</height>
				<onup>21</onup>
				<ondown>9000</ondown>
				<onclick>ActivateWindow(10025,"plugin://plugin.video.themoviedb.helper/?info=discover&amp;tmdb_type=movie&amp;with_genres=16&amp;with_id=True",return)</onclick>
				<texturefocus border="1">12.png</texturefocus>
				<texturenofocus border="30">12.png</texturenofocus>
				<visible>String.IsEqual(Container(9000).ListItem.Property(submenuVisibility),paidika)</visible>
				<visible>!Control.IsVisible(90010)</visible>
			</control>
			<control type="button" id="123">
				<description>Fast MainMenu > mousike</description>
				<left>885</left>
				<top>640</top>
				<width>130</width>
				<height>130</height>
				<onup>21</onup>
				<ondown>9000</ondown>
				<onclick>ActivateWindow(Music,"plugin://plugin.audio.eradio.gr/?action=radios&amp;url=http%3A%2F%2Feradio.mobi%2Fcache%2F1%2F1%2Fmedialist_top20.json&amp;title=%CE%94%CE%B7%CE%BC%CE%BF%CF%86%CE%B9%CE%BB%CE%AE",return)</onclick>
				<texturefocus border="1">12.png</texturefocus>
				<texturenofocus border="30">12.png</texturenofocus>
				<visible>String.IsEqual(Container(9000).ListItem.Property(submenuVisibility),mousike)</visible>
				<visible>!Control.IsVisible(90010)</visible>
			</control>
			<control type="button" id="123">
				<description>Fast MainMenu > sustema</description>
				<left>885</left>
				<top>640</top>
				<width>130</width>
				<height>130</height>
				<onup>21</onup>
				<ondown>9000</ondown>
				<onclick>ActivateWindow(Programs,"plugin://plugin.program.G.K.N.Wizard/?mode=maint",return)</onclick>
				<texturefocus border="1">12.png</texturefocus>
				<texturenofocus border="30">12.png</texturenofocus>
				<visible>String.IsEqual(Container(9000).ListItem.Property(submenuVisibility),sustema)</visible>
				<visible>!Control.IsVisible(90010)</visible>
			</control>
			<control type="button" id="23">
				<description>Favourites push button</description>
				<left>855</left>
				<top>0</top>
				<width>115</width>
				<height>60</height>
				<font>-</font>
				<onclick>ActivateWindow(Favourites)</onclick>
				<texturefocus border="5">floor_buttonFO.png</texturefocus>
				<texturenofocus border="5">floor_button.png</texturenofocus>
				<onleft>22</onleft>
				<onright>24</onright>
				<onup>9010</onup>
				<ondown condition="Control.IsVisible(90010)">90010</ondown>
				<ondown>9000</ondown>
			</control>
			<control type="image">
				<description>Favourites Icon</description>
				<left>855</left>
				<top>0</top>
				<width>110</width>
				<height>55</height>
				<aspectratio>keep</aspectratio>
				<texture>st.png</texture>
				<animation effect="fade" end="80" time="0" condition="true">Conditional</animation>
				<visible>!Control.HasFocus(23)</visible>
			</control>
			<control type="image">
				<description>Favourites Icon</description>
				<left>855</left>
				<top>10</top>
				<width>110</width>
				<height>55</height>
				<aspectratio>keep</aspectratio>
				<texture>st.png</texture>
				<visible>Control.HasFocus(23)</visible>
			</control>
			<control type="textbox">
				<description>Description Favourites</description>
				<left>851</left>
				<top>66</top>
				<font>font10</font>
				<textcolor>white</textcolor>
				<shadowcolor>black</shadowcolor>
				<label>[B]ΑΓΑΠΗΜΕΝΑ[/B]</label>
				<visible>Control.HasFocus(23)</visible>	
			</control>
			<control type="button" id="22">
				<description>Settings2 push button</description>
				<left>747</left>
				<top>0</top>
				<width>115</width>
				<height>60</height>
				<font>-</font>
				<onclick>ActivateWindow(Settings)</onclick>
				<texturefocus border="5">floor_buttonFO.png</texturefocus>
				<texturenofocus border="5">floor_button.png</texturenofocus>
				<onleft>21</onleft>
				<onright>23</onright>
				<onup>9000</onup>
				<ondown condition="Control.IsVisible(90010)">90010</ondown>
				<ondown>9000</ondown>
			</control>
			<control type="image">
				<description>Settings2 Icon</description>
				<left>747</left>
				<top>0</top>
				<width>110</width>
				<height>55</height>
				<aspectratio>keep</aspectratio>
				<texture>t.png</texture>
				<animation effect="fade" end="80" time="0" condition="true">Conditional</animation>
				<visible>!Control.HasFocus(22)</visible>
			</control>
			<control type="image">
				<description>Settings2 Icon</description>
				<left>747</left>
				<top>10</top>
				<width>110</width>
				<height>55</height>
				<aspectratio>keep</aspectratio>
				<texture>t.png</texture>
				<visible>Control.HasFocus(22)</visible>
			</control>
			<control type="textbox">
				<description>Description Settings2</description>
				<left>757</left>
				<top>66</top>
				<font>font10</font>
				<textcolor>white</textcolor>
				<shadowcolor>black</shadowcolor>
				<label>[B]ΣΥΣΤΗΜΑ[/B]</label>
				<visible>Control.HasFocus(22)</visible>	
			</control>
			<control type="button" id="25">
				<description>Settings1 push button</description>
				<left>1070</left>
				<top>0</top>
				<width>115</width>
				<height>60</height>
				<font>-</font>
				<onclick>RunPlugin(plugin://plugin.program.downloader19/?mode=13)</onclick>
				<texturefocus border="5">floor_buttonFO.png</texturefocus>
				<texturenofocus border="5">floor_button.png</texturenofocus>
				<onleft>24</onleft>
				<onright>26</onright>
				<onup>9000</onup>
				<ondown condition="Control.IsVisible(90010)">90010</ondown>
				<ondown>9000</ondown>
			</control>
			<control type="image">
				<description>Settings1 Icon</description>
				<left>1070</left>
				<top>0</top>
				<width>110</width>
				<height>55</height>
				<aspectratio>keep</aspectratio>
				<texture>b.png</texture>
				<animation effect="fade" end="80" time="0" condition="true">Conditional</animation>
				<visible>!Control.HasFocus(25)</visible>
			</control>
			<control type="image">
				<description>Settings1 Icon</description>
				<left>1070</left>
				<top>10</top>
				<width>110</width>
				<height>55</height>
				<aspectratio>keep</aspectratio>
				<texture>b.png</texture>
				<visible>Control.HasFocus(25)</visible>
			</control>
			<control type="textbox">
				<description>Description Settings1</description>
				<left>1025</left>
				<top>66</top>
				<font>font10</font>
				<textcolor>white</textcolor>
				<shadowcolor>black</shadowcolor>
				<label>[B]ΡΥΘΜΙΣΕΙΣ ΚΕΛΥΦΟΥΣ[/B]</label>
				<visible>Control.HasFocus(25)</visible>	
			</control>
			<control type="button" id="21">
				<description>Force close push button</description>
				<left>640</left>
				<top>0</top>
				<width>115</width>
				<height>60</height>
				<font>-</font>
				<onclick>RunScript("special://home/addons/plugin.program.autowidget/folders/py/ForceClose.py")</onclick>
				<texturefocus border="5">floor_buttonFO.png</texturefocus>
				<texturenofocus border="5">floor_button.png</texturenofocus>
				<onleft>27</onleft>
				<onright>22</onright>
				<onup>9000</onup>
				<ondown condition="Control.IsVisible(90010)">90010</ondown>
				<ondown>9000</ondown>
			</control>
			<control type="image">
				<description>Force close Icon</description>
				<left>640</left>
				<top>0</top>
				<width>110</width>
				<height>55</height>
				<aspectratio>keep</aspectratio>
				<texture>f.png</texture>
				<animation effect="fade" end="80" time="0" condition="true">Conditional</animation>
				<visible>!Control.HasFocus(21)</visible>
			</control>
			<control type="image">
				<description>Force close Icon</description>
				<left>640</left>
				<top>10</top>
				<width>110</width>
				<height>55</height>
				<aspectratio>keep</aspectratio>
				<texture>f.png</texture>
				<visible>Control.HasFocus(21)</visible>
			</control>
			<control type="textbox">
				<description>Description Force close</description>
				<left>658</left>
				<top>66</top>
				<font>font10</font>
				<textcolor>white</textcolor>
				<shadowcolor>black</shadowcolor>
				<label>[B]ΕΞΟΔΟΣ[/B]</label>
				<visible>Control.HasFocus(21)</visible>	
			</control>
			<control type="button" id="24">
				<description>Addons push button</description>
				<left>962</left>
				<top>0</top>
				<width>115</width>
				<height>60</height>
				<font>-</font>
				<onclick>ActivateWindow(1133)</onclick>
				<texturefocus border="5">floor_buttonFO.png</texturefocus>
				<texturenofocus border="5">floor_button.png</texturenofocus>
				<onleft>23</onleft>
				<onright>25</onright>
				<onup>9000</onup>
				<ondown condition="Control.IsVisible(90010)">90010</ondown>
				<ondown>9000</ondown>
			</control>
			<control type="image">
				<description>Addons Icon</description>
				<left>962</left>
				<top>0</top>
				<width>110</width>
				<height>55</height>
				<aspectratio>keep</aspectratio>
				<texture>ad.png</texture>
				<animation effect="fade" end="80" time="0" condition="true">Conditional</animation>
				<visible>!Control.HasFocus(24)</visible>
			</control>
			<control type="image">
				<description>Addons Icon</description>
				<left>962</left>
				<top>10</top>
				<width>110</width>
				<height>55</height>
				<aspectratio>keep</aspectratio>
				<texture>ad.png</texture>
				<visible>Control.HasFocus(24)</visible>
			</control>
			<control type="textbox">
				<description>Description Addons</description>
				<left>969</left>
				<top>66</top>
				<font>font10</font>
				<textcolor>white</textcolor>
				<shadowcolor>black</shadowcolor>
				<label>[B]ΠΡΟΣΘΕΤΑ[/B]</label>
				<visible>Control.HasFocus(24)</visible>	
			</control>
			<control type="button" id="26">
				<description>tools push button</description>
				<left>1178</left>
				<top>0</top>
				<width>115</width>
				<height>60</height>
				<font>-</font>
				<onclick>RunPlugin(plugin://plugin.program.downloader19/?mode=14)</onclick>
				<texturefocus border="5">floor_buttonFO.png</texturefocus>
				<texturenofocus border="5">floor_button.png</texturenofocus>
				<onleft>25</onleft>
				<onright>29</onright>
				<onup>9000</onup>
				<ondown condition="Control.IsVisible(90010)">90010</ondown>
				<ondown>9000</ondown>
			</control>
			<control type="image">
				<description>tools Icon</description>
				<left>1178</left>
				<top>0</top>
				<width>110</width>
				<height>55</height>
				<aspectratio>keep</aspectratio>
				<texture>tools.png</texture>
				<animation effect="fade" end="80" time="0" condition="true">Conditional</animation>
				<visible>!Control.HasFocus(26)</visible>
			</control>
			<control type="image">
				<description>tools Icon</description>
				<left>1177</left>
				<top>10</top>
				<width>110</width>
				<height>55</height>
				<aspectratio>keep</aspectratio>
				<texture>tools.png</texture>
				<visible>Control.HasFocus(26)</visible>
			</control>
			<control type="textbox">
				<description>Description tools</description>
				<left>1187</left>
				<top>66</top>
				<font>font10</font>
				<textcolor>white</textcolor>
				<shadowcolor>black</shadowcolor>
				<label>[B]ΕΡΓΑΛΕΙΑ[/B]</label>
				<visible>Control.HasFocus(26)</visible>	
			</control>
			<control type="button" id="27">
				<description>re push button</description>
				<left>350</left>
				<top>3</top>
				<width>45</width>
				<height>45</height>
				<font>-</font>
				<onclick>ActivateWindow(120)</onclick>
				<texturefocus border="5">floor_buttonFO.png</texturefocus>
				<texturenofocus border="5">floor_button.png</texturenofocus>
				<onleft>20</onleft>
				<onright>21</onright>
				<onup>23</onup>
				<ondown condition="Control.IsVisible(90010)">90010</ondown>
				<ondown>9000</ondown>
			</control>
			<control type="image">
				<description>re Icon</description>
				<left>350</left>
				<top>3</top>
				<width>40</width>
				<height>40</height>
				<aspectratio>keep</aspectratio>
				<texture>m.png</texture>
				<animation effect="fade" end="0" time="0" condition="true">Conditional</animation>
				<visible>!Control.HasFocus(27)</visible>
			</control>
			<control type="image">
				<description>re Icon</description>
				<left>350</left>
				<top>3</top>
				<width>45</width>
				<height>45</height>
				<aspectratio>keep</aspectratio>
				<texture>m.png</texture>
				<visible>Control.HasFocus(27)</visible>
			</control>
			<control type="textbox">
				<description>Description Music</description>
				<left>405</left>
				<top>10</top>
				<font>font10</font>
				<textcolor>white</textcolor>
				<shadowcolor>black</shadowcolor>
				<label>[B]Music Player[/B]</label>
				<visible>Control.HasFocus(27)</visible>	
			</control>
			<control type="button"id="28">
				<description>Ram button</description>
				<left>220</left>
				<top>1</top>
				<width>110</width>
				<height>40</height>
				<font>font10</font>
				<onclick>ActivateWindow(116)</onclick>
				<texturefocus>a1.png</texturefocus>
				<textcolor>gray</textcolor>
				<shadowcolor>black</shadowcolor>
				<onleft>29</onleft>
				<onright>29</onright>
				<onup>9000</onup>
				<ondown>24</ondown>
				<label></label>
			</control>
			<control type="button"id="29">
				<description>Weather button</description>
				<left>1415</left>
				<top>2</top>
				<width>150</width>
				<height>40</height>
				<font>font10</font>
				<onclick>ActivateWindow(Weather)</onclick>
				<texturefocus>a1.png</texturefocus>
				<textcolor>gray</textcolor>
				<shadowcolor>black</shadowcolor>
				<onleft>26</onleft>
				<onright>80</onright>
				<onup>9000</onup>
				<ondown>80</ondown>
				<label></label>
			</control>
			<control type="textbox">
				<description>Description Weather</description>
				<left>1460</left>
				<top>50</top>
				<font>font10</font>
				<textcolor>white</textcolor>
				<shadowcolor>black</shadowcolor>
				<label>[B]ΚΑΙΡΟΣ[/B]</label> 
				<visible>Control.HasFocus(29)</visible>	
			</control>
			<control type="image">
				<description>Arrowright</description>
				<left>1730</left>
				<top>225</top>
				<width>40</width>
				<height>40</height>
				<font>-</font>
				<onclick>Skin.ToggleSetting(Enable.VisibleSubmenu)</onclick>
				<texture>arrowright.gif</texture>
				<textcolor>gray</textcolor>
				<shadowcolor>black</shadowcolor>
				<visible>!String.IsEmpty(Container(9000).ListItem.Property(widgetType)) + !ControlGroup(90010).HasFocus + ControlGroup(90020).HasFocus</visible>
				<label></label>
			</control>
			<control type="button" id="20">
				<description>Power button</description>
				<left>0</left>
				<top>0</top>
				<width>45</width>
				<height>45</height>
				<font>-</font>
				<onclick>ActivateWindow(ShutdownMenu)</onclick>
				<texturefocus border="5">floor_buttonFO.png</texturefocus>
				<texturenofocus border="5">floor_button.png</texturenofocus>
				<onleft>80</onleft>
				<onright>27</onright>
				<onup>28</onup>
				<ondown condition="Control.IsVisible(90010)">90010</ondown>
				<ondown>9000</ondown>
			</control>
			<control type="image">
				<description>Power Icon</description>
				<left>7</left>
				<top>5</top>
				<width>40</width>
				<height>40</height>
				<aspectratio>keep</aspectratio>
				<texture>p.png</texture>
				<animation effect="fade" end="80" time="0" condition="true">Conditional</animation>
				<visible>!Control.HasFocus(20)</visible>
			</control>
			<control type="rss">
				<animation effect="slide" end="0,1" time="300" tween="sine" easing="inout" condition="$EXP[infodialog_active]">conditional</animation>
				<animation effect="fade" start="0" end="100" time="400">WindowOpen</animation>
				<animation effect="fade" start="100" end="0" time="300">WindowClose</animation>
				<left>50</left>
				<bottom>0</bottom>
				<top>60</top>
				<height>49</height>
				<width>89%</width>
				<font>font12</font>
				<urlset>20</urlset>
				<hitrect x="-100" y="0" w="1" h="1" />
				<titlecolor>goldenrod</titlecolor>
				<textcolor>goldenrod</textcolor>
				<shadowcolor>black</shadowcolor>
				<headlinecolor>FFC0C0C0</headlinecolor>
			</control>
			<control type="image">
				<description>Power Icon</description>
				<left>9</left>
				<top>15</top>
				<width>45</width>
				<height>45</height>
				<aspectratio>keep</aspectratio>
				<texture>p.png</texture>
				<visible>Control.HasFocus(20)</visible>
			</control>
			<control type="textbox">
				<description>Description Power</description>
				<left>2</left>
				<top>60</top>
				<font>font10</font>
				<textcolor>white</textcolor>
				<shadowcolor>black</shadowcolor>
				<label>[B]ΕΞΟΔΟΣ[/B]</label>
				<visible>Control.HasFocus(20)</visible>	
			</control>
			<!--control type="button"id="79">
				<description>Submenu close</description>
				<left>1875</left>
				<top>900</top>
				<width>25</width>
				<height>25</height>
				<font>font10</font>
				<onclick>Skin.ToggleSetting(Enable.VisibleSubmenu)</onclick>
				<textcolor>gray</textcolor>
				<shadowcolor>black</shadowcolor>
				<onleft>9000</onleft>
				<onright>9000</onright>
				<onup>9000</onup>
				<ondown>80</ondown>
				<label></label>
			</control-->
<!--			<control type="button"id="80">
				<description>TechNEWSology Skins</description>
				<left>1760</left>
				<top>50</top>
				<width>165</width>
				<height>35</height>
				<align>center</align>
				<aligny>center</aligny>
				<font>font10</font>
				<onclick>RunScript("special://skin/16x9/SkinsTechNEWSology.py")</onclick>
				<texturefocus>a1.png</texturefocus>	
				<textcolor>gray</textcolor>
				<focusedcolor>goldenrod</focusedcolor>
				<shadowcolor>black</shadowcolor>
				<onleft>29</onleft>
				<onright>20</onright>
				<onup>26</onup>
				<ondown condition="Control.IsVisible(90010)">90010</ondown>
				<ondown>9000</ondown>
				<label>Change Skins</label>
				<visible>String.IsEmpty(ListItem.Genre)</visible>
			</control-->
<!--			<control type="image">
				<description>Description Icon</description>
				<width>780</width>
				<height>210</height>
				<left>1200</left>
				<top>-10</top>
				<aspectratio>keep</aspectratio>
				<texture>dialogs/default/bg.png</texture>
				<animation effect="fade" end="80" time="0" condition="true">Conditional</animation>	
				<visible>Control.HasFocus(80)</visible>	
			</control>
			<control type="textbox">
				<description>Description Faster Skins</description>
				<left>1475</left>
				<top>50</top>
				<width>410</width>
				<height>255</height>
				<font>font10</font>
				<textcolor>white</textcolor>
				<shadowcolor>black</shadowcolor>
				<label>Αναλόγως τις δυνατότητες</label>
				<visible>Control.HasFocus(80)</visible>	
			</control>
			<control type="textbox">
				<description>Description Faster Skins</description>
				<left>1480</left>
				<top>78</top>
				<width>410</width>
				<height>255</height>
				<font>font10</font>
				<textcolor>white</textcolor>
				<shadowcolor>black</shadowcolor>
				<label>της συσκευή σας, επιλέξτε</label>
				<visible>Control.HasFocus(80)</visible>	
			</control>
			<control type="textbox">
				<description>Description Faster Skins</description>
				<left>1519</left>
				<top>106</top>
				<width>410</width>
				<height>255</height>
				<font>font10</font>
				<textcolor>white</textcolor>
				<shadowcolor>black</shadowcolor>
				<label>το κατάλληλο skin.</label>
				<visible>Control.HasFocus(80)</visible>	
			</control>-->
			<control type="label">
				<visible>String.IsEmpty(ListItem.Genre)</visible>
				<description>Date label</description>
				<left>78</left>
				<top>-1035</top>
				<font>font10</font>
				<textcolor>gray</textcolor>
				<shadowcolor>black</shadowcolor>
				<label>$INFO[Network.IPAddress,[B][COLORgray]IP: [/COLOR][/B]]   $INFO[system.memory(used.percent),[B][COLORgray]RAM: [/COLOR][/B]]</label>
				<include>Window_OpenClose_Animation</include>
				<animation effect="slide" start="0,0" end="-40,0" time="75" condition="Window.IsVisible(Mutebug)">conditional</animation>
			</control>
			<control type="label">
				<visible>String.IsEmpty(ListItem.Genre)</visible>
				<description>Date label</description>
				<left>78</left>
				<top>-975</top>
				<font>font10</font>
				<textcolor>gray</textcolor>
				<shadowcolor>black</shadowcolor>
				<label>[B][COLORgray]DNS: [/COLOR][/B] $INFO[Network.DNS1Address]</label>
				<animation effect="slide" start="0,0" end="-40,0" time="75" condition="Window.IsVisible(Mutebug)">conditional</animation>
				<visible>!Player.HasMedia</visible>
			</control>
	</controls>
</window>