<?xml version='1.0' encoding='UTF-8'?>
<shortcuts>
	<shortcut>
		<defaultID />
		<label>Αγαπημένα AW</label>
		<label2>Πρόσθετο Βίντεο</label2>
		<icon>special://home/addons\plugin.program.autowidget\resources\media\icon\folder-add.png</icon>
		<thumb />
		<action>ActivateWindow(Videos,"plugin://plugin.program.autowidget/?mode=group&amp;group=-1726604717.405183&amp;refresh=&amp;reload=",return)</action>
	</shortcut>
	<shortcut>
		<defaultID />
		<label>[B][COLORgray]Προτιμήσεις[/COLOR][/B]</label>
		<label2>Custom item</label2>
		<icon>special://home/addons\plugin.program.mypreferences\icon.png</icon>
		<thumb />
		<action>ActivateWindow(Videos,"plugin://plugin.program.mypreferences/?label=A10.AGAPHMENA&amp;mode=400&amp;path=special%3A%2F%2Fprofile%2Faddon_data%2Fplugin.program.mypreferences%5CA10.AGAPHMENA",return)</action>
	</shortcut>
	<shortcut>
		<defaultID />
		<label>Διαγραφή Αγαπημένων</label>
		<label2>Custom item</label2>
		<icon>special://home/addons/plugin.program.autowidget/resources/media/flags/delete.png</icon>
		<thumb />
		<action>RunScript("special://skin/16x9/TechNEWSology/Favourites_Delete.py")</action>
	</shortcut>
</shortcuts>
