<?xml version='1.0' encoding='UTF-8'?>
<shortcuts>
	<shortcut>
		<defaultID>weather</defaultID>
		<label>Καιρός</label>
		<label2>Common menu item</label2>
		<icon>special://home/addons/plugin.image.TechNEWSology/resources/media/we.png</icon>
		<thumb />
		<action>ActivateWindow(Weather)</action>
	</shortcut>
	<shortcut>
		<defaultID />
		<label>Εφαρμογές Android</label>
		<label2>Custom item</label2>
		<icon>special://home/addons/plugin.image.TechNEWSology/resources/media/an.png</icon>
		<thumb />
		<action>ActivateWindow(Programs,androidapp://sources/apps)</action>
	</shortcut>
	<shortcut>
		<defaultID>13014</defaultID>
		<label>Ελαχιστοποίηση</label>
		<label2>Εντολή Kodi</label2>
		<icon>special://home/addons/plugin.image.TechNEWSology/resources/media/y.png</icon>
		<thumb />
		<action>Minimize</action>
	</shortcut>
	<shortcut>
		<defaultID>13009</defaultID>
		<label>Άμεση Έξοδος</label>
		<label2>Custom item</label2>
		<icon>special://home/addons/plugin.image.TechNEWSology/resources/media/p.png</icon>
		<thumb />
		<action>RunScript("special://skin/16x9/TechNEWSology/ForceClose.py")</action>
	</shortcut>
	<shortcut>
		<defaultID>13016</defaultID>
		<label>Απενεργοποίηση</label>
		<label2>Custom item</label2>
		<icon>DefaultShortcut.png</icon>
		<thumb>special://home/addons\skin.TechNEWSology\extras\icons\power.png</thumb>
		<action>Powerdown()</action>
	</shortcut>
	<shortcut>
		<defaultID>13013</defaultID>
		<label>Επανεκκίνηση</label>
		<label2>Custom item</label2>
		<icon>DefaultShortcut.png</icon>
		<thumb>special://home/addons\skin.TechNEWSology\extras\icons\DefaultFolderBack.png</thumb>
		<action>Reset()</action>
	</shortcut>
	<shortcut>
		<defaultID>script.TechNEWSology</defaultID>
		<label>Δωρεά</label>
		<label2>Εφαρμογή</label2>
		<icon>special://home/addons/plugin.image.TechNEWSology/resources/media/pa.png</icon>
		<thumb />
		<action>RunScript("special://skin/16x9/TechNEWSology/Support.py")</action>
	</shortcut>
	<shortcut>
		<defaultID>13010</defaultID>
		<label>Αδρανοποίηση</label>
		<label2>Custom item</label2>
		<icon>DefaultShortcut.png</icon>
		<thumb>special://home/addons\skin.TechNEWSology\extras\icons\DefaultAddonScreensaver.png</thumb>
		<action>Hibernate()</action>
	</shortcut>
	<shortcut>
		<defaultID>13011</defaultID>
		<label>Αναστολή</label>
		<label2>Custom item</label2>
		<icon>DefaultShortcut.png</icon>
		<thumb>special://home/addons\skin.TechNEWSology\extras\icons\DefaultAddonScreensaver.png</thumb>
		<action>Suspend()</action>
	</shortcut>
	<shortcut>
		<defaultID>20126</defaultID>
		<label>Αποσύνδεση</label>
		<label2>Custom item</label2>
		<icon>DefaultShortcut.png</icon>
		<thumb />
		<action>System.LogOff</action>
	</shortcut>
</shortcuts>
