<shortcuts>
	<shortcut>
		<defaultID />
		<label>AliveGR</label>
		<label2>Custom item</label2>
		<icon>special://home/addons\plugin.video.AliveGR\resources\media\icon.png</icon>
		<thumb />
		<action>ActivateWindow(Videos,"plugin://plugin.video.AliveGR/?action=listing&amp;url=http%3A%2F%2Fgreek-movies.com%2Fmovies.php%3Fg%3D6%26y%3D%26l%3D%26p%3D&amp;title=%CE%9D%CF%84%CE%BF%CE%BA%CF%85%CE%BC%CE%B1%CE%BD%CF%84%CE%AD%CF%81",return)</action>
	</shortcut>
	<shortcut>
		<defaultID />
		<label>Atlas</label>
		<label2>Πρόσθετο Βίντεο</label2>
		<icon>special://home/addons\plugin.video.atlas\icon.png</icon>
		<thumb />
		<action>ActivateWindow(Videos,"plugin://plugin.video.atlas/?url=&amp;mode=81&amp;name=%5BB%5D%5BCOLOR+white%5D%CE%9D%CF%84%CE%BF%CE%BA%CE%B9%CE%BC%CE%B1%CE%BD%CF%84%CE%AD%CF%81%5B%2FCOLOR%5D%5B%2FB%5D&amp;iconimage=http%3A%2F%2Fi.imgur.com%2FjTaJF0B.png&amp;description=",return)</action>
	</shortcut>
	<shortcut>
		<defaultID />
		<label>Blacklodge</label>
		<label2>Πρόσθετο Βίντεο</label2>
		<icon>special://home/addons\plugin.video.blacklodge\icon.png</icon>
		<thumb />
		<action>ActivateWindow(Videos,"plugin://plugin.video.blacklodge/?action=movies&amp;url=https%3A%2F%2Fwww.imdb.com%2Fsearch%2Ftitle%2F%3Ftitle_type%3Dfeature%2Ctv_movie%26genres%3Ddocumentary%26release_date%3D%2Cdate%5B0%5D%26sort%3Dmoviemeter%2Casc%26count%3D20",return)</action>
	</shortcut>
	<shortcut>
		<defaultID />
		<label>Προτιμήσεις</label>
		<label2>Custom item</label2>
		<icon>special://home/addons\plugin.program.mypreferences\icon.png</icon>
		<thumb />
		<action>ActivateWindow(Videos,"plugin://plugin.program.mypreferences/?label=6.NTOKYMANTEP&amp;mode=400&amp;path=special%3A%2F%2Fprofile%2Faddon_data%2Fplugin.program.mypreferences%5C6.NTOKYMANTEP",return)</action>
	</shortcut>
	<shortcut>
		<defaultID />
		<label>TheMoviedb</label>
		<label2>Πρόσθετο Βίντεο</label2>
		<icon>special://home/addons\plugin.video.themoviedb.helper\icon.png</icon>
		<thumb />
		<action>ActivateWindow(Videos,"plugin://plugin.video.themoviedb.helper/?info=discover&amp;tmdb_type=movie&amp;with_genres=99&amp;with_id=True&amp;widget=true",return)</action>
	</shortcut>
	<shortcut>
		<defaultID />
		<label>Everstream</label>
		<label2>Πρόσθετο Βίντεο</label2>
		<icon>special://home/addons\plugin.video.everstream\icon.png</icon>
		<thumb />
		<action>ActivateWindow(Videos,"plugin://plugin.video.everstream/?action=movies&amp;url=https%3A%2F%2Fwww.imdb.com%2Fsearch%2Ftitle%2F%3Ftitle_type%3Dfeature%2Ctv_movie%26genres%3Ddocumentary%26release_date%3D%2Cdate%5B0%5D%26sort%3Dmoviemeter%2Casc%26count%3D20",return)</action>
	</shortcut>
	<shortcut>
		<defaultID />
		<label>Scrubs v2</label>
		<label2>Πρόσθετο Βίντεο</label2>
		<icon>special://home/addons/plugin.image.TechNEWSology/resources/media/scrubsv2.png</icon>
		<thumb />
		<action>ActivateWindow(Videos,"plugin://plugin.video.scrubsv2/?action=movies&amp;url=https%3A%2F%2Fapi.themoviedb.org%2F3%2Fdiscover%2Fmovie%3Fapi_key%3Dc8b7db701bac0b26edfcc93b39858972%26with_genres%3D99%26language%3Den-US%26include_adult%3Dfalse%26page%3D1",return)</action>
	</shortcut>
	<shortcut>
		<defaultID>plugin.video.elementum/movies/</defaultID>
		<label>Elementum</label>
		<label2>Πρόσθετο Βίντεο</label2>
		<icon>special://home/addons/plugin.image.TechNEWSology/resources/media/elementum.jpg</icon>
		<thumb />
		<action condition="!System.HasAddon(plugin.video.elementum)">RunScript("special://skin/16x9/TechNEWSology/InstallElementum.py")</action>
		<visible>!System.HasAddon(plugin.video.elementum)</visible>
	</shortcut>
	<shortcut>
		<defaultID>plugin.video.elementum/movies/</defaultID>
		<label>Elementum</label>
		<label2>Πρόσθετο Βίντεο</label2>
		<icon>special://home/addons\plugin.video.elementum\icon.png</icon>
		<thumb />
		<action>ActivateWindow(Videos,"plugin://plugin.video.elementum/movies/popular/genre/99",return)</action>
		<visible>System.HasAddon(plugin.video.elementum)</visible>
	</shortcut>
	<shortcut>
		<defaultID />
		<label>Seren</label>
		<label2>Πρόσθετο Βίντεο</label2>
		<icon>special://home/addons/plugin.image.TechNEWSology/resources/media/seren.jpg</icon>
		<thumb />
		<action>ActivateWindow(Videos,"plugin://plugin.video.seren/?action=movieGenresGet&amp;action_args=documentary&amp;from_widget=true",return)</action>
	</shortcut>
	<shortcut>
		<defaultID />
		<label>Shadow</label>
		<label2>Πρόσθετο Βίντεο</label2>
		<icon>special://home/addons/plugin.image.TechNEWSology/resources/media/shadow.png</icon>
		<thumb />
		<action>ActivateWindow(Videos,"plugin://plugin.video.shadow/?mode=14&amp;iconimage=https%3A%2F%2Fwordsfromjalynn.files.wordpress.com%2F2014%2F12%2Fmovie-genres-1.png&amp;fanart=https%3A%2F%2Fwordsfromjalynn.files.wordpress.com%2F2014%2F12%2Fmovie-genres-1.png&amp;description=%CE%9D%CF%84%CE%BF%CE%BA%CF%85%CE%BC%CE%B1%CE%BD%CF%84%CE%AD%CF%81&amp;url=http%3A%2F%2Fapi.themoviedb.org%2F3%2Fgenre%2F99%2Fmovies%3Fapi_key%3D34142515d9d23817496eeb4ff1d223d0%26language%3Del%26page%3D1&amp;name=%CE%9D%CF%84%CE%BF%CE%BA%CF%85%CE%BC%CE%B1%CE%BD%CF%84%CE%AD%CF%81&amp;image_master=&amp;heb_name=+&amp;last_id=&amp;dates=+&amp;data=+&amp;original_title=+&amp;id=+&amp;season=+&amp;episode=+&amp;tmdbid=+&amp;eng_name=+&amp;show_original_year=+&amp;isr=0&amp;fav_status=false&amp;all_w=%7B%7D&amp;search_db=&amp;iconimage=https%3A%2F%2Fwordsfromjalynn.files.wordpress.com%2F2014%2F12%2Fmovie-genres-1.png&amp;fanart=https%3A%2F%2Fwordsfromjalynn.files.wordpress.com%2F2014%2F12%2Fmovie-genres-1.png&amp;description=%CE%9D%CF%84%CE%BF%CE%BA%CF%85%CE%BC%CE%B1%CE%BD%CF%84%CE%AD%CF%81&amp;url=http%3A%2F%2Fapi.themoviedb.org%2F3%2Fgenre%2F99%2Fmovies%3Fapi_key%3D34142515d9d23817496eeb4ff1d223d0%26language%3Del%26page%3D1&amp;name=%CE%9D%CF%84%CE%BF%CE%BA%CF%85%CE%BC%CE%B1%CE%BD%CF%84%CE%AD%CF%81&amp;image_master=&amp;heb_name=+&amp;last_id=&amp;dates=+&amp;data=+&amp;original_title=+&amp;id=+&amp;season=+&amp;episode=+&amp;tmdbid=+&amp;eng_name=+&amp;show_original_year=+&amp;fav_status=false&amp;all_w=%7B%7D&amp;search_db=&amp;video_data=%7B%22title%22%3A+%22%5Cu039d%5Cu03c4%5Cu03bf%5Cu03ba%5Cu03c5%5Cu03bc%5Cu03b1%5Cu03bd%5Cu03c4%5Cu03ad%5Cu03c1%22%2C+%22mediatype%22%3A+%22movie%22%2C+%22TVshowtitle%22%3A+%22%22%2C+%22season%22%3A+0%2C+%22episode%22%3A+0%2C+%22OriginalTitle%22%3A+%22+%22%2C+%22rating%22%3A+%220%22%2C+%22plot%22%3A+%22%5Cu039d%5Cu03c4%5Cu03bf%5Cu03ba%5Cu03c5%5Cu03bc%5Cu03b1%5Cu03bd%5Cu03c4%5Cu03ad%5Cu03c1%22%2C+%22Tag%22%3A+%2218%22%2C+%22id%22%3A+%22+%22%7D&amp;video_data=%7B%22title%22%3A+%22%5Cu039d%5Cu03c4%5Cu03bf%5Cu03ba%5Cu03c5%5Cu03bc%5Cu03b1%5Cu03bd%5Cu03c4%5Cu03ad%5Cu03c1%22%2C+%22mediatype%22%3A+%22movie%22%2C+%22TVshowtitle%22%3A+%22%22%2C+%22season%22%3A+0%2C+%22episode%22%3A+0%2C+%22OriginalTitle%22%3A+%22+%22%2C+%22rating%22%3A+%220%22%2C+%22plot%22%3A+%22%5Cu039d%5Cu03c4%5Cu03bf%5Cu03ba%5Cu03c5%5Cu03bc%5Cu03b1%5Cu03bd%5Cu03c4%5Cu03ad%5Cu03c1%22%2C+%22Tag%22%3A+%2218%22%2C+%22id%22%3A+%22+%22%7D",return)</action>
	</shortcut>
	<shortcut>
		<defaultID />
		<label>Benelli-P30 </label>
		<label2>Πρόσθετο Βίντεο</label2>
		<icon>special://home/addons/plugin.image.TechNEWSology/resources/media/p30.jpeg</icon>
		<thumb />
		<action>ActivateWindow(Videos,"plugin://plugin.program.autowidget/?mode=group&amp;group=benelli-p30_-1644503351.316142&amp;refresh=&amp;reload=",return)</action>
	</shortcut>
	<shortcut>
		<defaultID />
		<label>tvOne All Docu</label>
		<label2>Custom item</label2>
		<icon>special://home/addons/plugin.image.TechNEWSology/resources/media/TVONE.png</icon>
		<thumb />
		<action>RunScript("special://skin/16x9/TechNEWSology/TvOne_docu.py")</action>
	</shortcut>
</shortcuts>
