<?xml version='1.0' encoding='UTF-8'?>
<shortcuts>
	<shortcut>
		<defaultID />
		<label>Αναζήτηση</label>
		<label2>Πρόσθετο Βίντεο</label2>
		<icon>special://home/addons/plugin.image.TechNEWSology/resources/media/search.png</icon>
		<thumb />
		<action>RunScript("special://skin/16x9/TechNEWSology/Search_kids.py")</action>
	</shortcut>
	<shortcut>
		<defaultID />
		<label>Μεταγλωττισμένα </label>
		<label2>Πρόσθετο Βίντεο</label2>
		<icon>special://home/addons/resource.images.alivegr.artwork/resources/alivegr/kids_live+alivegr.png</icon>
		<thumb />
		<action>ActivateWindow(Videos,"plugin://plugin.program.autowidget/?mode=group&amp;group=metaglottismena-1657833630.053594&amp;refresh=&amp;reload=",return)</action>
	</shortcut>
	<shortcut>
		<defaultID />
		<label>Atlas</label>
		<label2>Πρόσθετο Βίντεο</label2>
		<icon>special://home/addons\plugin.video.atlas\icon.png</icon>
		<thumb />
		<action>ActivateWindow(Videos,"plugin://plugin.video.atlas/?url=&amp;mode=80&amp;name=%5BB%5D%5BCOLOR+white%5D%CE%A0%CE%B1%CE%B9%CE%B4%CE%B9%CE%BA%CE%AE+%CE%A7%CE%B1%CF%81%CE%AC%5B%2FCOLOR%5D%5B%2FB%5D&amp;iconimage=http%3A%2F%2Fi.imgur.com%2FT8NlaOf.png&amp;description=",return)</action>
	</shortcut>
	<shortcut>
		<defaultID />
		<label>Προτιμήσεις</label>
		<label2>Custom item</label2>
		<icon>special://home/addons\plugin.program.mypreferences\icon.png</icon>
		<thumb />
		<action>ActivateWindow(Videos,"plugin://plugin.program.mypreferences/?label=7.PAIDIKA&amp;mode=400&amp;path=special%3A%2F%2Fprofile%2Faddon_data%2Fplugin.program.mypreferences%5C7.PAIDIKA",return)</action>
	</shortcut>
	<shortcut>
		<defaultID />
		<label>TheMoviedb</label>
		<label2>Πρόσθετο Βίντεο</label2>
		<icon>special://home/addons\plugin.video.themoviedb.helper\icon.png</icon>
		<thumb />
		<action>ActivateWindow(Videos,"plugin://plugin.video.themoviedb.helper/?info=discover&amp;tmdb_type=movie&amp;with_genres=99&amp;with_id=True&amp;widget=true",return)</action>
	</shortcut>
	<shortcut>
		<defaultID>plugin.video.cartoonsgr</defaultID>
		<label>CartoonsGR</label>
		<label2>Πρόσθετο Βίντεο</label2>
		<icon>special://home/addons/plugin.image.TechNEWSology/resources/media/cartoonsgr.png</icon>
		<thumb />
		<action>ActivateWindow(Videos,"plugin://plugin.video.cartoonsgr",return)</action>
	</shortcut>
	<shortcut>
		<defaultID />
		<label>An1me</label>
		<label2>Πρόσθετο Βίντεο</label2>
		<icon>special://home/addons/plugin.image.TechNEWSology/resources/media/an1me.jpeg</icon>
		<thumb />
		<action>ActivateWindow(Videos,"plugin://plugin.video.atlas/?url=&amp;mode=255&amp;name=%5BB%5D%5BCOLOR+slateblue%5DAn1me%5B%2FCOLOR%5D%5B%2FB%5D&amp;iconimage=C%3A%5CUsers%5Chplap%5CAppData%5CRoaming%5CKodi%5Caddons%5Cplugin.video.atlas%5C%2Fresources%2Ficons%2Fan1me.png&amp;description=",return)</action>
	</shortcut>
	<shortcut>
		<defaultID />
		<label>Blacklodge</label>
		<label2>Πρόσθετο Βίντεο</label2>
		<icon>special://home/addons\plugin.video.blacklodge\icon.png</icon>
		<thumb />
		<action>ActivateWindow(Videos,"plugin://plugin.video.blacklodge/?action=movies&amp;url=https%3A%2F%2Fwww.imdb.com%2Fsearch%2Ftitle%2F%3Ftitle_type%3Dfeature%2Ctv_movie%26genres%3Danimation%2C%21documentary%26release_date%3D%2Cdate%5B0%5D%26sort%3Dmoviemeter%2Casc%26count%3D20",return)</action>
	</shortcut>
	<shortcut>
		<defaultID>plugin.video.elementum/movies/</defaultID>
		<label>Elementum</label>
		<label2>Πρόσθετο Βίντεο</label2>
		<icon>special://home/addons/plugin.image.TechNEWSology/resources/media/elementum.jpg</icon>
		<thumb />
		<action condition="!System.HasAddon(plugin.video.elementum)">RunScript("special://skin/16x9/TechNEWSology/InstallElementum.py")</action>
		<visible>!System.HasAddon(plugin.video.elementum)</visible>
	</shortcut>
	<shortcut>
		<defaultID>plugin.video.elementum/movies/</defaultID>
		<label>Elementum</label>
		<label2>Πρόσθετο Βίντεο</label2>
		<icon>special://home/addons\plugin.video.elementum\icon.png</icon>
		<thumb />
		<action>ActivateWindow(Videos,"plugin://plugin.video.elementum/movies/popular/genre/16",return)</action>
		<visible>System.HasAddon(plugin.video.elementum)</visible>
	</shortcut>
	<shortcut>
		<defaultID />
		<label>Placenta Kids</label>
		<label2>Πρόσθετο Βίντεο</label2>
		<icon>special://home/addons/plugin.image.TechNEWSology/resources/media/gormiti.jpg</icon>
		<thumb />
		<action>ActivateWindow(Videos,"plugin://plugin.program.autowidget/?mode=group&amp;group=placenta_kids-1644507949.7608745&amp;refresh=&amp;reload=",return)</action>
	</shortcut>
	<shortcut>
		<defaultID />
		<label>Scrubs v2</label>
		<label2>Πρόσθετο Βίντεο</label2>
		<icon>special://home/addons/plugin.image.TechNEWSology/resources/media/scrubsv2.png</icon>
		<thumb />
		<action>ActivateWindow(Videos,"plugin://plugin.video.scrubsv2/?action=movies&amp;url=https%3A%2F%2Fapi.themoviedb.org%2F3%2Fdiscover%2Fmovie%3Fapi_key%3Dc8b7db701bac0b26edfcc93b39858972%26with_genres%3D99%26language%3Den-US%26include_adult%3Dfalse%26page%3D1",return)</action>
	</shortcut>
	<shortcut>
		<defaultID />
		<label>AliveGr</label>
		<label2>Πρόσθετο Βίντεο</label2>
		<icon>special://home/addons\plugin.video.AliveGR\resources\media\icon.png</icon>
		<thumb />
		<action>ActivateWindow(Videos,"plugin://plugin.video.AliveGR/?action=kids&amp;title=%CE%93%CE%B9%CE%B1+%CF%84%CE%B1+%CF%80%CE%B1%CE%B9%CE%B4%CE%B9%CE%AC",return)</action>
	</shortcut>
	<shortcut>
		<defaultID />
		<label>Thunder</label>
		<label2>Πρόσθετο Βίντεο</label2>
		<icon>special://home/addons/plugin.image.TechNEWSology/resources/media/thunder.png</icon>
		<thumb />
		<action>ActivateWindow(Videos,"plugin://plugin.video.thethunder/?name=%5BB%5DAnimes%5B%2FB%5D&amp;action=animes&amp;mediatype=video&amp;iconimage=C%3A%5CUsers%5Chplap%5CAppData%5CRoaming%5CKodi%5Caddons%5Cplugin.video.thethunder%5Cresources%5Cmedia%5Canimes.png",return)</action>
	</shortcut>
	<shortcut>
		<defaultID />
		<label>Kids Youtube</label>
		<label2>Πρόσθετο Βίντεο</label2>
		<icon>special://home/addons/plugin.image.TechNEWSology/resources/media/youtube_kids.png</icon>
		<thumb />
		<action>ActivateWindow(Videos,"plugin://plugin.program.super.favourites/?label=Kids+Youtube&amp;mode=400&amp;path=special%3A%2F%2Fhome%2Faddons%2Fplugin.program.super.favourites%2Ffolders%5CSuper+Favourites%5CKids+Youtube&amp;image=https%3A%2F%2Fyt3.ggpht.com%2Fa%2FAGF-l79SF96s5CCdoeJ5DIfGoWUrpwk1dCrsZJ0CTw%3Ds800-c-k-c0xffffffff-no-rj-mo&amp;fanart=https%3A%2F%2Fyt3.ggpht.com%2FqDgSRjE_UeWPdLF7gs9eHVXwotFF2UzkFoAFEUMziRucFiPLzYqW3E-kIy01ACNpUkza7vyBAw&amp;content_type=",return)</action>
	</shortcut>
	<shortcut>
		<defaultID />
		<label>The Crew</label>
		<label2>Πρόσθετο Βίντεο</label2>
		<icon>special://home/addons/plugin.image.TechNEWSology/resources/media/crew.jpg</icon>
		<thumb />
		<action>ActivateWindow(Videos,"plugin://plugin.video.thecrew/?action=kidsgreyNavigator",return)</action>
		<visible>System.HasAddon(plugin.video.thecrew)</visible>
	</shortcut>
	<shortcut>
		<defaultID>plugin.video.tvone/list_channels/7</defaultID>
		<label>TvOne</label>
		<label2>Πρόσθετο Βίντεο</label2>
		<icon>special://home/addons/plugin.image.TechNEWSology/resources/media/TVONE1.png</icon>
		<thumb />
		<action>ActivateWindow(Videos,"plugin://plugin.video.tvone/list_channels/7",return)</action>
	</shortcut>
	<shortcut>
		<defaultID>plugin.video.tvone11/list_channels/15</defaultID>
		<label>TvOne11</label>
		<label2>Πρόσθετο Βίντεο</label2>
		<icon>special://home/addons/plugin.image.TechNEWSology/resources/media/TVONE11.png</icon>
		<thumb />
		<action>ActivateWindow(Videos,"plugin://plugin.video.tvone11/list_channels/15",return)</action>
	</shortcut>
	<shortcut>
		<defaultID>plugin.video.tvone111/list_channels/6</defaultID>
		<label>TvOne111</label>
		<label2>Πρόσθετο Βίντεο</label2>
		<icon>special://home/addons/plugin.video.tvone111/icon.png</icon>
		<thumb />
		<action>ActivateWindow(Videos,"plugin://plugin.video.tvone111/list_channels/6",return)</action>
	</shortcut>
	<shortcut>
		<defaultID>plugin.video.tvone112/list_channels/77</defaultID>
		<label>TvOne112</label>
		<label2>Πρόσθετο Βίντεο</label2>
		<icon>special://home/addons/plugin.video.tvone112/icon.png</icon>
		<thumb />
		<action>ActivateWindow(Videos,"plugin://plugin.video.tvone112/list_channels/77",return)</action>
	</shortcut>
	<shortcut>
		<defaultID>plugin.video.tvone1112/list_channels/6</defaultID>
		<label>TvOne1112</label>
		<label2>Πρόσθετο Βίντεο</label2>
		<icon>special://home/addons/plugin.video.tvone1112/icon.png</icon>
		<thumb />
		<action>ActivateWindow(Videos,"plugin://plugin.video.tvone1112/list_channels/6",return)</action>
	</shortcut>
</shortcuts>
