<?xml version='1.0' encoding='UTF-8'?>
<shortcuts>
	<shortcut>
		<defaultID>plugin.video.metalliq/music/search</defaultID>
		<label>Αναζήτηση</label>
		<label2>Custom item</label2>
		<icon>special://home/addons/plugin.image.TechNEWSology/resources/media/search.png</icon>
		<thumb />
		<action>RunScript("special://skin/16x9/TechNEWSology/Search_music.py")</action>
	</shortcut>
	<shortcut>
		<defaultID>plugin.video.youtube</defaultID>
		<label>YouTube</label>
		<label2>Πρόσθετο Βίντεο</label2>
		<icon>special://home/addons\\plugin.video.youtube\resources\media\icon.png</icon>
		<thumb />
		<action>ActivateWindow(Videos,"plugin://plugin.video.youtube",return)</action>
	</shortcut>
	<shortcut>
		<defaultID>plugin.audio.mp3streams</defaultID>
		<label>MP3 Streams</label>
		<label2>Πρόσθετο Μουσικής</label2>
		<icon>special://home/addons/plugin.image.TechNEWSology/resources/media/mp3streams.jpg</icon>
		<thumb />
		<action>ActivateWindow(Music,"plugin://plugin.audio.mp3streams",return)</action>
	</shortcut>
	<shortcut>
		<defaultID />
		<label>Προτιμήσεις</label>
		<label2>Custom item</label2>
		<icon>special://home/addons\plugin.program.mypreferences\icon.png</icon>
		<thumb />
		<action>ActivateWindow(Videos,"plugin://plugin.program.mypreferences/?label=8.MOYSIKH&amp;mode=400&amp;path=special%3A%2F%2Fprofile%2Faddon_data%2Fplugin.program.mypreferences%5C8.MOYSIKH",return)</action>
	</shortcut>
	<shortcut>
		<defaultID>plugin.audio.eradio.gr</defaultID>
		<label>E-Radio</label>
		<label2>Πρόσθετο Μουσικής</label2>
		<icon>special://home/addons\\plugin.audio.eradio.gr\icon.png</icon>
		<thumb />
		<action>ActivateWindow(Music,"plugin://plugin.audio.eradio.gr",return)</action>
	</shortcut>
	<shortcut>
		<defaultID>plugin.video.duffyou</defaultID>
		<label>Duff You - Apis Free</label>
		<label2>Πρόσθετο Βίντεο</label2>
		<icon>special://home/addons/plugin.image.TechNEWSology/resources/media/duff.jpg</icon>
		<thumb />
		<action>ActivateWindow(Videos,"plugin://plugin.video.duffyou",return)</action>
	</shortcut>
	<shortcut>
		<defaultID>plugin.audio.soundcloud</defaultID>
		<label>SoundCloud</label>
		<label2>Πρόσθετο Μουσικής</label2>
		<icon>special://home/addons/plugin.image.TechNEWSology/resources/media/soundcloud.png</icon>
		<thumb />
		<action>ActivateWindow(Music,"plugin://plugin.audio.soundcloud",return)</action>
	</shortcut>
	<shortcut>
		<defaultID />
		<label>ErtFlix</label>
		<label2>Πρόσθετο Βίντεο</label2>
		<icon>special://home/addons\plugin.video.ert.gr\icon.png</icon>
		<thumb />
		<action>ActivateWindow(Videos,"plugin://plugin.video.ert.gr/?action=radios&amp;title=%CE%A1%CE%B1%CE%B4%CE%B9%CF%8C%CF%86%CF%89%CE%BD%CE%BF",return)</action>
	</shortcut>
	<shortcut>
		<defaultID />
		<label>AliveGR</label>
		<label2>Πρόσθετο Βίντεο</label2>
		<icon>special://home/addons\plugin.video.AliveGR\resources\media\icon.png</icon>
		<thumb />
		<action>ActivateWindow(Videos,"plugin://plugin.video.AliveGR/?action=music&amp;title=%CE%9C%CE%BF%CF%85%CF%83%CE%B9%CE%BA%CE%AE",return)</action>
	</shortcut>
	<shortcut>
		<defaultID />
		<label>tvOne All Music</label>
		<label2>Custom item</label2>
		<icon>special://home/addons/plugin.image.TechNEWSology/resources/media/TVONE.png</icon>
		<thumb />
		<action>RunScript("special://skin/16x9/TechNEWSology/TvOne_music.py")</action>
	</shortcut>
</shortcuts>
