<?xml version='1.0' encoding='UTF-8'?>
<shortcuts>
	<shortcut>
		<defaultID />
		<label>Αναζήτηση</label>
		<label2>Πρόσθετο Βίντεο</label2>
		<icon>special://home/addons/plugin.image.TechNEWSology/resources/media/search.png</icon>
		<thumb />
		<action>RunScript("special://skin/16x9/TechNEWSology/Search_greek.py")</action>
	</shortcut>
	<shortcut>
		<defaultID />
		<label>Ελληνικά</label>
		<label2>Πρόσθετο Βίντεο</label2>
		<icon>special://home/addons/plugin.image.TechNEWSology/resources/media/gr.png</icon>
		<thumb />
		<action>RunScript("special://skin/16x9/TechNEWSology/Greektv.py")</action>
	</shortcut>
	<shortcut>
		<defaultID>plugin.video.atlas</defaultID>
		<label>Atlas</label>
		<label2>Πρόσθετο Βίντεο</label2>
		<icon>special://home/addons\plugin.video.atlas\icon.png</icon>
		<thumb />
		<action>ActivateWindow(Videos,"plugin://plugin.video.atlas",return)</action>
		<visible>System.HasAddon(plugin.video.atlas)</visible>
	</shortcut>
	<shortcut>
		<defaultID />
		<label>Προτιμήσεις</label>
		<label2>Custom item</label2>
		<icon>special://home/addons\plugin.program.mypreferences\icon.png</icon>
		<thumb />
		<action>ActivateWindow(Videos,"plugin://plugin.program.mypreferences/?label=3.ELLINIKA&amp;mode=400&amp;path=special%3A%2F%2Fprofile%2Faddon_data%2Fplugin.program.mypreferences%5C3.ELLINIKA",return)</action>
	</shortcut>
	<shortcut>
		<defaultID />
		<label>Τηλεόραση</label>
		<label2>Πρόσθετο Βίντεο</label2>
		<icon>special://home/addons/plugin.image.TechNEWSology/resources/media/sports/othergr.png</icon>
		<thumb />
		<action>RunScript("special://skin/16x9/TechNEWSology/E_A_K.py")</action>
	</shortcut>
	<shortcut>
		<defaultID>plugin.video.cartoonsgr</defaultID>
		<label>CartoonsGR</label>
		<label2>Πρόσθετο Βίντεο</label2>
		<icon>special://home/addons/plugin.image.TechNEWSology/resources/media/cartoonsgr.png</icon>
		<thumb />
		<action>ActivateWindow(Videos,"plugin://plugin.video.cartoonsgr",return)</action>
	</shortcut>
	<shortcut>
		<defaultID>plugin.video.AliveGR</defaultID>
		<label>AliveGR</label>
		<label2>Πρόσθετο Βίντεο</label2>
		<icon>special://home/addons\plugin.video.AliveGR\resources\media\icon.png</icon>
		<thumb />
		<action>ActivateWindow(Videos,"plugin://plugin.video.AliveGR",return)</action>
	</shortcut>
	<shortcut>
		<defaultID>plugin.video.ert.gr</defaultID>
		<label>ERT Player</label>
		<label2>Πρόσθετο Βίντεο</label2>
		<icon>special://home/addons\plugin.video.ert.gr\icon.png</icon>
		<thumb />
		<action>ActivateWindow(Videos,"plugin://plugin.video.ert.gr",return)</action>
	</shortcut>
	<shortcut>
		<defaultID>plugin.audio.eradio.gr</defaultID>
		<label>E-Radio</label>
		<label2>Πρόσθετο Μουσικής</label2>
		<icon>special://home/addons\plugin.audio.eradio.gr\icon.png</icon>
		<thumb />
		<action>ActivateWindow(Music,"plugin://plugin.audio.eradio.gr",return)</action>
	</shortcut>
	<shortcut>
		<defaultID>plugin.video.alphatv.gr</defaultID>
		<label>ALPHA Player</label>
		<label2>Πρόσθετο Βίντεο</label2>
		<icon>special://home/addons\plugin.video.alphatv.gr\icon.png</icon>
		<thumb />
		<action>ActivateWindow(Videos,"plugin://plugin.video.alphatv.gr",return)</action>
	</shortcut>
	<shortcut>
		<defaultID>plugin.video.antenna.gr</defaultID>
		<label>ANT1 Player</label>
		<label2>Πρόσθετο Βίντεο</label2>
		<icon>special://home/addons\plugin.video.antenna.gr\icon.png</icon>
		<thumb />
		<action>ActivateWindow(Videos,"plugin://plugin.video.antenna.gr",return)</action>
	</shortcut>
	<shortcut>
		<defaultID>plugin.video.skai.gr</defaultID>
		<label>SKAI Player</label>
		<label2>Πρόσθετο Βίντεο</label2>
		<icon>special://home/addons\plugin.video.skai.gr\icon.png</icon>
		<thumb />
		<action>ActivateWindow(Videos,"plugin://plugin.video.skai.gr",return)</action>
	</shortcut>
	<shortcut>
		<defaultID>plugin.video.star.gr</defaultID>
		<label>STAR Player</label>
		<label2>Πρόσθετο Βίντεο</label2>
		<icon>special://home/addons\plugin.video.star.gr\icon.png</icon>
		<thumb />
		<action>ActivateWindow(Videos,"plugin://plugin.video.star.gr",return)</action>
	</shortcut>
	<shortcut>
		<defaultID>plugin.video.tvopen.gr</defaultID>
		<label>Open TV Player</label>
		<label2>Πρόσθετο Βίντεο</label2>
		<icon>special://home/addons/plugin.image.TechNEWSology/resources/media/open.png</icon>
		<thumb />
		<action>ActivateWindow(Videos,"plugin://plugin.video.tvopen.gr",return)</action>
	</shortcut>
	<shortcut>
		<defaultID>plugin.video.novasports.gr</defaultID>
		<label>Novasports.gr</label>
		<label2>Πρόσθετο Βίντεο</label2>
		<icon>special://home/addons\plugin.video.novasports.gr\icon.png</icon>
		<thumb />
		<action>ActivateWindow(Videos,"plugin://plugin.video.novasports.gr",return)</action>
	</shortcut>
</shortcuts>
