<shortcuts>
	<shortcut>
		<defaultID />
		<label>Live Now</label>
		<label2>Custom item</label2>
		<icon>special://home/addons/plugin.image.TechNEWSology/resources/media/sportstv.png</icon>
		<thumb />
		<action>RunScript("special://skin/16x9/TechNEWSology/Live_Now.py")</action>
	</shortcut>
	<shortcut>
		<defaultID />
		<label>SportHD</label>
		<label2>Πρόσθετο Βίντεο</label2>
		<icon>special://home/addons\plugin.video.sporthdme\icon.png</icon>
		<thumb />
		<action>ActivateWindow(Videos,"plugin://plugin.video.sporthdme",return)</action>
	</shortcut>
	<shortcut>
		<defaultID />
		<label>ApeX Sports</label>
		<label2>Πρόσθετο Βίντεο</label2>
		<icon>special://home/addons/plugin.image.TechNEWSology/resources/media/apex.jpg</icon>
		<thumb />
		<action>ActivateWindow(Videos,"plugin://plugin.video.apex_sports",return)</action>
	</shortcut>
	<shortcut>
		<defaultID />
		<label>Προτιμήσεις</label>
		<label2>Custom item</label2>
		<icon>special://home/addons\plugin.program.mypreferences\icon.png</icon>
		<thumb />
		<action>ActivateWindow(Videos,"plugin://plugin.program.mypreferences/?label=5.SPOR&amp;mode=400&amp;path=special%3A%2F%2Fprofile%2Faddon_data%2Fplugin.program.mypreferences%5C5.SPOR",return)</action>
	</shortcut>
	<shortcut>
		<defaultID />
		<label>The Loop</label>
		<label2>Πρόσθετο Βίντεο</label2>
		<icon>special://home/addons/plugin.image.TechNEWSology/resources/media/loop.png</icon>
		<thumb />
		<action>ActivateWindow(Videos,"plugin://plugin.video.the-loop",return)</action>
	</shortcut>
	<shortcut>
		<defaultID />
		<label>blackghost</label>
		<label2>Πρόσθετο Βίντεο</label2>
		<icon>special://home/addons/plugin.image.TechNEWSology/resources/media/livesports2.png</icon>
		<thumb />
		<action>ActivateWindow(10025,"plugin://plugin.video.live.streamspro/?url=https://bgaddon.online/black/0-deportes.php&amp;mode=1",return)</action>
	</shortcut>
	<shortcut>
		<defaultID />
		<label>Mad Titan Sports</label>
		<label2>Πρόσθετο Βίντεο</label2>
		<icon>special://home/addons/plugin.image.TechNEWSology/resources/media/madtitansports.png</icon>
		<thumb />
		<action>ActivateWindow(Videos,"plugin://plugin.video.madtitansports",return)</action>
	</shortcut>
	<shortcut>
		<defaultID />
		<label>VStream</label>
		<label2>Πρόσθετο Βίντεο</label2>
		<icon>special://home/addons/plugin.image.TechNEWSology/resources/media/vstream.png</icon>
		<thumb />
		<action>ActivateWindow(Videos,"plugin://plugin.video.vstream/?site=cHome&amp;function=showSports&amp;title=Sports&amp;siteUrl=http%3A%2F%2Fvenom&amp;sFav=showSports",return)</action>
	</shortcut>
	<shortcut>
		<defaultID>plugin.video.sportsd</defaultID>
		<label>SportsD</label>
		<label2>Πρόσθετο Βίντεο</label2>
		<icon>special://home/addons/plugin.image.TechNEWSology/resources/media/sportsd.jpg</icon>
		<thumb />
		<action>ActivateWindow(Videos,"plugin://plugin.video.sportsd",return)</action>
		<visible>System.HasAddon(plugin.video.sportsd)</visible>
	</shortcut>
	<shortcut>
		<defaultID>plugin.video.sportliveevents</defaultID>
		<label>Sport LIVE</label>
		<label2>Πρόσθετο Βίντεο</label2>
		<icon>special://home/addons/plugin.image.TechNEWSology/resources/media/spor.png</icon>
		<thumb />
		<action>ActivateWindow(Videos,"plugin://plugin.video.sportliveevents",return)</action>
		<visible>System.HasAddon(plugin.video.sportliveevents)</visible>
	</shortcut>
	<shortcut>
		<defaultID />
		<label>Ghost</label>
		<label2>Πρόσθετο Βίντεο</label2>
		<icon>special://home/addons/plugin.image.TechNEWSology/resources/media/ghost.png</icon>
		<thumb />
		<action>ActivateWindow(10025,"plugin://plugin.video.thecrew/?action=directory&amp;content=0&amp;url=https%3a%2f%2fia902509.us.archive.org%2f2%2fitems%2fsportsreplays%2fsportsreplays.xml")</action>
		<visible>System.HasAddon(plugin.video.thecrew)</visible>
	</shortcut>
	<shortcut>
		<defaultID />
		<label>Purely Wrestling</label>
		<label2>Πρόσθετο Βίντεο</label2>
		<icon>special://home/addons/plugin.image.TechNEWSology/resources/media/Wrestling.jpg</icon>
		<thumb />
		<action>ActivateWindow(10025,&quot;plugin://plugin.video.thecrew/?action=directory&amp;content=0&amp;url=https%3a%2f%2fbitbucket.org%2fFrancis_Drake%2ffrancis-drake%2fraw%2fmaster%2fpurely%2fbase.xml&amp;sf_options=fanart%3Dspecial%3A%2F%2Fhome%2Faddons%5Cplugin.video.thecrew%5Cfanart.jpg%26meta%3Dvotes%253D0%2526label%253D%25255BB%25255D%25255BCOLOR%252Bwhite%25255DPurely%252BWrestling%25255B%25252FCOLOR%25255D%25255B%25252FB%25255D%26_options_sf&quot;,return)</action>
		<visible>System.HasAddon(plugin.video.thecrew)</visible>
	</shortcut>
	<shortcut>
		<defaultID />
		<label>The Crew</label>
		<label2>Πρόσθετο Βίντεο</label2>
		<icon>special://home/addons/plugin.image.TechNEWSology/resources/media/crew.jpg</icon>
		<thumb />
		<action>ActivateWindow(Videos,"plugin://plugin.video.thecrew/?action=bluehat",return)</action>
		<visible>System.HasAddon(plugin.video.thecrew)</visible>
	</shortcut>
	<shortcut>
		<defaultID>plugin.video.Rising.Tides</defaultID>
		<label>Rising Tides</label>
		<label2>Πρόσθετο Βίντεο</label2>
		<icon>special://home/addons/plugin.image.TechNEWSology/resources/media/Rising.png</icon>
		<thumb />
		<action>ActivateWindow(Videos,"plugin://plugin.video.Rising.Tides",return)</action>
	</shortcut>
	<shortcut>
		<defaultID />
		<label>tvOne All Sports</label>
		<label2>Custom item</label2>
		<icon>special://home/addons/plugin.image.TechNEWSology/resources/media/TVONE.png</icon>
		<thumb />
		<action>RunScript("special://skin/16x9/TechNEWSology/TvOne_sports.py")</action>
	</shortcut>
</shortcuts>
