<?xml version='1.0' encoding='UTF-8'?>
<shortcuts>
	<shortcut>
		<defaultID>24001</defaultID>
		<label>Περιηγητής</label>
		<label2>Ρυθμίσεις</label2>
		<icon>special://home/addons/plugin.image.TechNEWSology/resources/media/addons.png</icon>
		<thumb />
		<action>ActivateWindow(AddonBrowser)</action>
	</shortcut>
	<shortcut>
		<defaultID />
		<label>Εγκ. από αποθετήριο</label>
		<label2>Πρόσθετο Βίντεο</label2>
		<icon>special://home/addons/plugin.image.TechNEWSology/resources/media/addons2.png</icon>
		<thumb />
		<action>ActivateWindow(10040,"addons://repos/?sf_options=meta%3Dlabel%253D%2525CE%252595%2525CE%2525B3%2525CE%2525BA%2525CE%2525B1%2525CF%252584%2525CE%2525AC%2525CF%252583%2525CF%252584%2525CE%2525B1%2525CF%252583%2525CE%2525B7%252B%2525CE%2525B1%2525CF%252580%2525CF%25258C%252B%2525CE%2525B1%2525CF%252580%2525CE%2525BF%2525CE%2525B8%2525CE%2525B5%2525CF%252584%2525CE%2525AE%2525CF%252581%2525CE%2525B9%2525CE%2525BF%26_options_sf",return)</action>
	</shortcut>
	<shortcut>
		<defaultID />
		<label>Εργαλεία</label>
		<label2>Custom item</label2>
		<icon>special://home/addons/plugin.image.TechNEWSology/resources/media/tool.png</icon>
		<thumb />
		<action>RunScript("special://skin/16x9/TechNEWSology/Tools.py")</action>
	</shortcut>
	<shortcut>
		<defaultID />
		<label>Προτιμήσεις</label>
		<label2>Custom item</label2>
		<icon>special://home/addons\plugin.program.mypreferences\icon.png</icon>
		<thumb />
		<action>ActivateWindow(Videos,"plugin://plugin.program.mypreferences/?label=9.SYSTHMA&amp;mode=400&amp;path=special%3A%2F%2Fprofile%2Faddon_data%2Fplugin.program.mypreferences%5C9.SYSTHMA",return)</action>
	</shortcut>
	<shortcut>
		<defaultID />
		<label>Κέλυφος</label>
		<label2>Custom item</label2>
		<icon>special://home/addons/plugin.image.TechNEWSology/resources/media/skin.png</icon>
		<thumb />
		<action>RunScript("special://skin/16x9/TechNEWSology/Skin.py")</action>
	</shortcut>
	<shortcut>
		<defaultID />
		<label>Πρόσθετα</label>
		<label2>Custom item</label2>
		<icon>special://home/addons/plugin.image.TechNEWSology/resources/media/add.png</icon>
		<thumb />
		<action>ActivateWindow(Videos,"plugin://plugin.program.super.favourites/?label=prostheta+video&amp;mode=400&amp;path=special%3A%2F%2Fhome%2Faddons%2Fplugin.program.super.favourites%2Ffolders%5CSuper+Favourites%5Cprostheta+video&amp;image=special%3A%2F%2Fhome%2Faddons%5Cicon+TechNEWSology%5Cvideo.png&amp;fanart=special://home/addons%5Cplugin.program.super.favourites%5Cfanart.jpg&amp;content_type=",return)</action>
	</shortcut>
	<shortcut>
		<defaultID />
		<label>DNS Test</label>
		<label2>Εφαρμογή</label2>
		<icon>special://home/addons/plugin.image.TechNEWSology/resources/media/grecotm.png</icon>
		<thumb />
		<action>RunPlugin("plugin://plugin.program.G.K.N.Wizard/?mode=dnsleaktest",return)</action>
	</shortcut>
	<shortcut>
		<defaultID>20077</defaultID>
		<label>Ρυθμ. κελύφους</label>
		<label2>Custom item</label2>
		<icon>special://home/addons/plugin.image.TechNEWSology/resources/media/pi.png</icon>
		<thumb />
		<action>ActivateWindow(SkinSettings)</action>
	</shortcut>
	<shortcut>
		<defaultID />
		<label>Builds</label>
		<label2>Εφαρμογή</label2>
		<icon>special://home/addons/plugin.image.TechNEWSology/resources/media/builds.png</icon>
		<thumb />
		<action>ActivateWindow(Programs,"plugin://plugin.program.G.K.N.Wizard/?mode=builds",return)</action>
	</shortcut>
	<shortcut>
		<defaultID>24001</defaultID>
		<label>Πρόσθετα Παιχνιδιων</label>
		<label2>Ρυθμίσεις</label2>
		<icon>special://home/addons/plugin.image.TechNEWSology/resources/media/game.png</icon>
		<thumb />
		<action>ActivateWindow(10040,&quot;addons://all/category.gameaddons?sf_options=meta%3Dlabel%253D%2525CE%2525A0%2525CF%252581%2525CF%25258C%2525CF%252583%2525CE%2525B8%2525CE%2525B5%2525CF%252584%2525CE%2525B1%252B%2525CF%252580%2525CE%2525B1%2525CE%2525B9%2525CF%252587%2525CE%2525BD%2525CE%2525B9%2525CE%2525B4%2525CE%2525B9%2525CF%25258E%2525CE%2525BD%26_options_sf&quot;,return)</action>
	</shortcut>
	<shortcut>
		<defaultID />
		<label>Android</label>
		<label2>Πρόσθετο Βίντεο</label2>
		<icon>special://home/addons/plugin.image.TechNEWSology/resources/media/android.png</icon>
		<thumb />
		<action>ActivateWindow(Videos,"plugin://plugin.program.super.favourites/?label=Android&amp;mode=400&amp;path=special%3A%2F%2Fhome%2Faddons%2Fplugin.program.super.favourites%2Ffolders%5CSuper+Favourites%5CAndroid&amp;image=special%3A%2F%2Fhome%2Faddons%5Cplugin.program.aptoide%5Cicon.png&amp;fanart=special%3A%2F%2Fhome%2Faddons%5Cplugin.program.aptoide%5Cfanart.jpg&amp;content_type=",return)</action>
	</shortcut>
	<shortcut>
		<defaultID />
		<label>Maintenance</label>
		<label2>Εφαρμογή</label2>
		<icon>special://home/addons/plugin.image.TechNEWSology/resources/media/grecotm.png</icon>
		<thumb />
		<action>ActivateWindow(Programs,"plugin://plugin.program.G.K.N.Wizard/?mode=maint",return)</action>
	</shortcut>
	<shortcut>
		<defaultID />
		<label>GRecoTM Wizard</label>
		<label2>Custom item</label2>
		<icon>special://home/addons/plugin.image.TechNEWSology/resources/media/grecotm.png</icon>
		<thumb />
		<action>ActivateWindow(Programs,"plugin://plugin.program.G.K.N.Wizard",return)</action>
	</shortcut>
	<shortcut>
		<defaultID>14206</defaultID>
		<label>Διασύνδεση</label>
		<label2>Ρυθμίσεις</label2>
		<icon>special://skin/icon.png</icon>
		<thumb />
		<action>ActivateWindow(InterfaceSettings)</action>
	</shortcut>
	<shortcut>
		<defaultID>7</defaultID>
		<label>Διαχείριση αρχείων</label>
		<label2>Custom item</label2>
		<icon>special://skin/icon.png</icon>
		<thumb />
		<action>ActivateWindow(FileManager)</action>
	</shortcut>
	<shortcut>
		<defaultID>script.tubecast</defaultID>
		<label>TubeCast</label>
		<label2>Εφαρμογή</label2>
		<icon>special://skin/icon.png</icon>
		<thumb />
		<action condition="!System.HasAddon(script.tubecast)">InstallAddon(script.tubecast)</action>
		<action>RunAddOn(script.tubecast)</action>
	</shortcut>
</shortcuts>
