<shortcuts>
	<shortcut>
		<defaultID />
		<label>Αναζήτηση</label>
		<label2>Custom item</label2>
		<icon>special://home/addons/plugin.image.TechNEWSology/resources/media/search.png</icon>
		<thumb />
		<action>RunScript("special://skin/16x9/TechNEWSology/Search_movies.py")</action>
	</shortcut>
	<shortcut>
		<defaultID />
		<label>Atlas</label>
		<label2>Custom item</label2>
		<icon>special://home/addons\plugin.video.atlas\icon.png</icon>
		<thumb />
		<action>ActivateWindow(Videos,"plugin://plugin.video.atlas/?url=&amp;mode=10&amp;name=%5BB%5D%5BCOLOR+white%5D%CE%9E%CE%AD%CE%BD%CE%B5%CF%82+%CE%A4%CE%B1%CE%B9%CE%BD%CE%AF%CE%B5%CF%82%5B%2FCOLOR%5D%5B%2FB%5D&amp;iconimage=http%3A%2F%2Fi.imgur.com%2FcTv0fXe.png&amp;description=",return)</action>
	</shortcut>
	<shortcut>
		<defaultID />
		<label>Blacklodge</label>
		<label2>Πρόσθετο Βίντεο</label2>
		<icon>special://home/addons\plugin.video.blacklodge\icon.png</icon>
		<thumb />
		<action>ActivateWindow(Videos,"plugin://plugin.video.blacklodge/?action=movieNavigator",return)</action>
	</shortcut>
	<shortcut>
		<defaultID />
		<label>Προτιμήσεις</label>
		<label2>Custom item</label2>
		<icon>special://home/addons\plugin.program.mypreferences\icon.png</icon>
		<thumb />
		<action>ActivateWindow(Videos,"plugin://plugin.program.mypreferences/?label=1.TAINIES&amp;mode=400&amp;path=special%3A%2F%2Fprofile%2Faddon_data%2Fplugin.program.mypreferences%5C1.TAINIES",return)</action>
	</shortcut>
	<shortcut>
		<defaultID />
		<label>TheMoviedb</label>
		<label2>Πρόσθετο Βίντεο</label2>
		<icon>special://home/addons\plugin.video.themoviedb.helper\icon.png</icon>
		<thumb />
		<action>ActivateWindow(Videos,"plugin://plugin.video.themoviedb.helper/?info=dir_movie&amp;tmdb_type=None&amp;widget=true",return)</action>
	</shortcut>
	<shortcut>
		<defaultID />
		<label>Scrubs v2</label>
		<label2>Πρόσθετο Βίντεο</label2>
		<icon>special://home/addons/plugin.image.TechNEWSology/resources/media/scrubsv2.png</icon>
		<thumb />
		<action>ActivateWindow(Videos,"plugin://plugin.video.scrubsv2/?action=movies_menu",return)</action>
		<visible>System.HasAddon(plugin.video.scrubsv2)</visible>
	</shortcut>
	<shortcut>
		<defaultID>plugin.video.elementum/movies/</defaultID>
		<label>Elementum</label>
		<label2>Πρόσθετο Βίντεο</label2>
		<icon>special://home/addons/plugin.image.TechNEWSology/resources/media/elementum.jpg</icon>
		<thumb />
		<action condition="!System.HasAddon(plugin.video.elementum)">RunScript("special://skin/16x9/TechNEWSology/InstallElementum.py")</action>
		<visible>!System.HasAddon(plugin.video.elementum)</visible>
	</shortcut>
	<shortcut>
		<defaultID>plugin.video.elementum/movies/</defaultID>
		<label>Elementum</label>
		<label2>Πρόσθετο Βίντεο</label2>
		<icon>special://home/addons\plugin.video.elementum\icon.png</icon>
		<thumb />
		<action>ActivateWindow(Videos,"plugin://plugin.video.elementum/movies/",return)</action>
		<visible>System.HasAddon(plugin.video.elementum)</visible>
	</shortcut>
	<shortcut>
		<defaultID>script.extendedinfo</defaultID>
		<label>Extended Info</label>
		<label2>Πρόσθετο Βίντεο</label2>
		<icon>special://home/addons/plugin.image.TechNEWSology/resources/media/extendedinfo.png</icon>
		<thumb />
		<action>ActivateWindow(Videos,"plugin://script.extendedinfo",return)</action>
	</shortcut>
	<shortcut>
		<defaultID />
		<label>Homelander</label>
		<label2>Πρόσθετο Βίντεο</label2>
		<icon>special://home/addons\plugin.video.homelander\icon.png</icon>
		<thumb />
		<action>ActivateWindow(Videos,"plugin://plugin.video.homelander/?action=movieNavigator",return)</action>
		<visible>System.HasAddon(plugin.video.homelander)</visible>
	</shortcut>
	<shortcut>
		<defaultID />
		<label>Thunder</label>
		<label2>Πρόσθετο Βίντεο</label2>
		<icon>special://home/addons/plugin.image.TechNEWSology/resources/media/thunder.png</icon>
		<thumb />
		<action>ActivateWindow(Videos,"plugin://plugin.video.thethunder/?name=%5BB%5DMovies%5B%2FB%5D&amp;action=movies&amp;mediatype=video&amp;iconimage=C%3A%5CUsers%5Chplap%5CAppData%5CRoaming%5CKodi%5Caddons%5Cplugin.video.thethunder%5Cresources%5Cmedia%5Cmovies.png",return)</action>
	</shortcut>
	<shortcut>
		<defaultID>plugin.video.gratis</defaultID>
		<label>Gratis</label>
		<label2>Πρόσθετο Βίντεο</label2>
		<icon>special://home/addons/plugin.image.TechNEWSology/resources/media/gratis.png</icon>
		<thumb />
		<action>ActivateWindow(Videos,"plugin://plugin.video.gratis",return)</action>
	</shortcut>
	<shortcut>
		<defaultID />
		<label>TVseries.video</label>
		<label2>Πρόσθετο Βίντεο</label2>
		<icon>special://home/addons\plugin.video.tvseriesvideo\icon.png</icon>
		<thumb />
		<action>ActivateWindow(Videos,"plugin://plugin.video.tvseriesvideo",return)</action>
		<visible>System.HasAddon(plugin.video.tvseriesvideo)</visible>
	</shortcut>
	<shortcut>
		<defaultID />
		<label>FMovies</label>
		<label2>Πρόσθετο Βίντεο</label2>
		<icon>special://home/addons\plugin.video.fmoviesto\icon.png</icon>
		<thumb />
		<action>ActivateWindow(Videos,"plugin://plugin.video.fmoviesto/?mode=menumov&amp;url=https%3A%2F%2Ffmovies.to%2Fmovies&amp;page=1&amp;moviescount=0&amp;movie=True&amp;title=%CE%A4%CE%B1%CE%B9%CE%BD%CE%AF%CE%B5%CF%82&amp;image=DefaultMovies.png",return)</action>
		<visible>System.HasAddon(plugin.video.fmoviesto)</visible>
	</shortcut>
	<shortcut>
		<defaultID />
		<label>Seren</label>
		<label2>Πρόσθετο Βίντεο</label2>
		<icon>special://home/addons/plugin.image.TechNEWSology/resources/media/seren.jpg</icon>
		<thumb />
		<action>ActivateWindow(Videos,"plugin://plugin.video.seren/?action=moviesHome",return)</action>
	</shortcut>
	<shortcut>
		<defaultID />
		<label>Shadow RD</label>
		<label2>Πρόσθετο Βίντεο</label2>
		<icon>special://home/addons/plugin.image.TechNEWSology/resources/media/shadow.png</icon>
		<thumb />
		<action>ActivateWindow(Videos,"plugin://plugin.video.shadow/?mode=2&amp;dates=+&amp;episode=+&amp;description=Movies&amp;show_original_year=+&amp;fanart=https%3A%2F%2Ftownsquare.media%2Fsite%2F295%2Ffiles%2F2019%2F12%2F2020-movies-collage.jpg%3Fw%3D980%26q%3D75&amp;heb_name=+&amp;iconimage=special://home/addons%5Cplugin.video.shadow%5Cresources%5Cartwork%2Fmovies.png&amp;original_title=+&amp;eng_name=+&amp;data=+&amp;url=www&amp;fav_status=false&amp;tmdbid=+&amp;season=+&amp;isr=0&amp;last_id=&amp;image_master=&amp;id=+&amp;name=Movie+World",return)</action>
	</shortcut>
	<shortcut>
		<defaultID />
		<label>Fen</label>
		<label2>Πρόσθετο Βίντεο</label2>
		<icon>special://home/addons/plugin.image.TechNEWSology/resources/media/fen.png</icon>
		<thumb />
		<action>ActivateWindow(Videos,"plugin://plugin.video.fen/?info=Access+Fen+Movie+Menus.&amp;name=Movies&amp;iconImage=movies.png&amp;foldername=Movies&amp;mode=navigator.main&amp;action=MovieList",return)</action>
		<visible>System.HasAddon(plugin.video.fen)</visible>
	</shortcut>
	<shortcut>
		<defaultID />
		<label>Venom</label>
		<label2>Πρόσθετο Βίντεο</label2>
		<icon>special://home/addons\plugin.video.venom\icon.png</icon>
		<thumb />
		<action>ActivateWindow(Videos,"plugin://plugin.video.venom/?action=movieNavigator",return)</action>
		<visible>System.HasAddon(plugin.video.venom)</visible>
	</shortcut>
	<shortcut>
		<defaultID />
		<label>The Crew 1 clicks</label>
		<label2>Πρόσθετο Βίντεο</label2>
		<icon>special://home/addons/plugin.image.TechNEWSology/resources/media/crew.jpg</icon>
		<thumb />
		<action>ActivateWindow(Videos,"plugin://plugin.video.thecrew/?action=greenhat",return)</action>
		<visible>System.HasAddon(plugin.video.thecrew)</visible>
	</shortcut>
	<shortcut>
		<defaultID />
		<label>The Crew</label>
		<label2>Πρόσθετο Βίντεο</label2>
		<icon>special://home/addons/plugin.image.TechNEWSology/resources/media/crew.jpg</icon>
		<thumb />
		<action>ActivateWindow(Videos,"plugin://plugin.video.thecrew/?action=movieNavigator",return)</action>
		<visible>System.HasAddon(plugin.video.thecrew)</visible>
	</shortcut>
	<shortcut>
		<defaultID />
		<label>Placenta</label>
		<label2>Πρόσθετο Βίντεο</label2>
		<icon>special://home/addons\plugin.video.placenta\icon.png</icon>
		<thumb />
		<action>ActivateWindow(Videos,"plugin://plugin.video.placenta/?action=movieNavigator",return)</action>
		<visible>System.HasAddon(plugin.video.placenta)</visible>
	</shortcut>
	<shortcut>
		<defaultID>plugin.video.magicdragon</defaultID>
		<label>Magic Dragon</label>
		<label2>Πρόσθετο Βίντεο</label2>
		<icon>special://home/addons/plugin.image.TechNEWSology/resources/media/magic.jpg</icon>
		<thumb />
		<action>ActivateWindow(Videos,"plugin://plugin.video.magicdragon",return)</action>
		<visible>System.HasAddon(plugin.video.magicdragon)</visible>
	</shortcut>
	<shortcut>
		<defaultID />
		<label>Crackle</label>
		<label2>Πρόσθετο Βίντεο</label2>
		<icon>special://home/addons\plugin.video.crackle\icon.png</icon>
		<thumb />
		<action>ActivateWindow(Videos,"plugin://plugin.video.crackle/?id=movies&amp;mode=99",return)</action>
		<visible>System.HasAddon(plugin.video.crackle)</visible>
	</shortcut>
	<shortcut>
		<defaultID />
		<label>Subsmovies</label>
		<label2>Πρόσθετο Βίντεο</label2>
		<icon>special://home/addons\plugin.video.subsmovies\icon.png</icon>
		<thumb />
		<action>ActivateWindow(Videos,"plugin://plugin.video.subsmovies",return)</action>
		<visible>System.HasAddon(plugin.video.subsmovies)</visible>
	</shortcut>
	<shortcut>
		<defaultID />
		<label>Release BB</label>
		<label2>Πρόσθετο Βίντεο</label2>
		<icon>special://home/addons/plugin.image.TechNEWSology/resources/media/releaseBB.png</icon>
		<thumb />
		<action>ActivateWindow(Videos,"plugin://plugin.video.releaseBB/?mode=Categories&amp;section=movies",return)</action>
		<visible>System.HasAddon(plugin.video.releaseBB)</visible>
	</shortcut>
	<shortcut>
		<defaultID />
		<label>Gaia</label>
		<label2>Custom item</label2>
		<icon>special://home/addons/plugin.image.TechNEWSology/resources/media/gaia.jpg</icon>
		<thumb />
		<action>ActivateWindow(Videos,"plugin://plugin.video.gaia/?action=moviesLists&amp;type=movie&amp;kids=0",return)</action>
		<visible>System.HasAddon(plugin.video.gaia)</visible>
	</shortcut>
	<shortcut>
		<defaultID>plugin.video.netflix</defaultID>
		<label>NetFlix</label>
		<label2>Πρόσθετο Βίντεο</label2>
		<icon>special://home/addons/plugin.image.TechNEWSology/resources/media/netflix.jpg</icon>
		<thumb />
		<action>ActivateWindow(Videos,"plugin://plugin.video.netflix",return)</action>
	</shortcut>
</shortcuts>
