<shortcuts>
	<shortcut>
		<defaultID />
		<label>Αναζήτηση</label>
		<label2>Custom item</label2>
		<icon>special://home/addons/plugin.image.TechNEWSology/resources/media/search.png</icon>
		<thumb />
		<action>RunScript("special://skin/16x9/TechNEWSology/Search_tvshows.py")</action>
	</shortcut>
	<shortcut>
		<defaultID />
		<label>Click</label>
		<label2>Custom item</label2>
		<icon>special://home/addons/plugin.image.TechNEWSology/resources/media/1click_movies.png</icon>
		<thumb />
		<action>RunScript("special://skin/16x9/TechNEWSology/click.py")</action>
	</shortcut>
	<shortcut>
		<defaultID />
		<label>Atlas</label>
		<label2>Custom item</label2>
		<icon>special://home/addons\plugin.video.atlas\icon.png</icon>
		<thumb />
		<action>ActivateWindow(Videos,"plugin://plugin.video.atlas/?url=&amp;mode=11&amp;name=%5BB%5D%5BCOLOR+white%5D%CE%9E%CE%AD%CE%BD%CE%B5%CF%82+%CE%A3%CE%B5%CE%B9%CF%81%CE%AD%CF%82%5B%2FCOLOR%5D%5B%2FB%5D&amp;iconimage=http%3A%2F%2Fi.imgur.com%2FypLPk5x.png&amp;description=",return)</action>
	</shortcut>
	<shortcut>
		<defaultID />
		<label>Προτιμήσεις</label>
		<label2>Custom item</label2>
		<icon>special://home/addons\plugin.program.mypreferences\icon.png</icon>
		<thumb />
		<action>ActivateWindow(Videos,"plugin://plugin.program.mypreferences/?label=2.THL.SEIRES&amp;mode=400&amp;path=special%3A%2F%2Fprofile%2Faddon_data%2Fplugin.program.mypreferences%5C2.THL.SEIRES",return)</action>
	</shortcut>
	<shortcut>
		<defaultID />
		<label>TheMoviedb</label>
		<label2>Πρόσθετο Βίντεο</label2>
		<icon>special://home/addons\plugin.video.themoviedb.helper\icon.png</icon>
		<thumb />
		<action>ActivateWindow(Videos,"plugin://plugin.video.themoviedb.helper/?info=dir_tv&amp;tmdb_type=None&amp;widget=true",return)</action>
	</shortcut>
	<shortcut>
		<defaultID />
		<label>Blacklodge</label>
		<label2>Πρόσθετο Βίντεο</label2>
		<icon>special://home/addons\plugin.video.blacklodge\icon.png</icon>
		<thumb />
		<action>ActivateWindow(Videos,"plugin://plugin.video.blacklodge/?action=tvNavigator",return)</action>
	</shortcut>
	<shortcut>
		<defaultID />
		<label>ΤmdbΜovies</label>
		<label2>Πρόσθετο Βίντεο</label2>
		<icon>special://home/addons/plugin.image.TechNEWSology/resources/media/tmdbmovies.png</icon>
		<thumb />
		<action condition="!System.HasAddon(plugin.video.tmdbmovies)">RunScript("special://skin/16x9/TechNEWSology/InstallTmdbmovies.py")</action>
		<visible>!System.HasAddon(plugin.video.tmdbmovies)</visible>
	</shortcut>
	<shortcut>
		<defaultID />
		<label>ΤmdbΜovies</label>
		<label2>Πρόσθετο Βίντεο</label2>
		<icon>special://home/addons\plugin.video.tmdbmovies\icon.png</icon>
		<thumb />
		<action>ActivateWindow(Videos,"plugin://plugin.video.tmdbmovies/?mode=tv_menu",return)</action>
	</shortcut>
	<shortcut>
		<defaultID />
		<label>Everstream</label>
		<label2>Πρόσθετο Βίντεο</label2>
		<icon>special://home/addons/plugin.image.TechNEWSology/resources/media/everstream.png</icon>
		<thumb />
		<action condition="!System.HasAddon(plugin.video.everstream)">RunScript("special://skin/16x9/TechNEWSology/InstallEverstream.py")</action>
		<visible>!System.HasAddon(plugin.video.everstream)</visible>
	</shortcut>
	<shortcut>
		<defaultID />
		<label>Everstream</label>
		<label2>Πρόσθετο Βίντεο</label2>
		<icon>special://home/addons\plugin.video.everstream\icon.png</icon>
		<thumb />
		<action>ActivateWindow(Videos,"plugin://plugin.video.everstream/?action=tvNavigator",return)</action>
		<visible>System.HasAddon(plugin.video.everstream)</visible>
	</shortcut>
	<shortcut>
		<defaultID />
		<label>Scrubs v2</label>
		<label2>Πρόσθετο Βίντεο</label2>
		<icon>special://home/addons\plugin.video.scrubsv2\resources\images\icon.png</icon>
		<thumb />
		<action>ActivateWindow(Videos,"plugin://plugin.video.scrubsv2/?action=tvshows_menu",return)</action>
	</shortcut>
	<shortcut>
		<defaultID />
		<label>Fenlight</label>
		<label2>Πρόσθετο Βίντεο</label2>
		<icon>special://home/addons\plugin.video.fenlight/resources/media/fenlight_icon.png</icon>
		<thumb />
		<action>ActivateWindow(Videos,"plugin://plugin.video.fenlight/?name=TV+Shows&amp;mode=navigator.main&amp;action=TVShowList&amp;iconImage=https%3A%2F%2Fi.imgur.com%2FR3NEEJl.png",return)</action>
		<visible>System.HasAddon(plugin.video.fenlight)</visible>
	</shortcut>
	<shortcut>
		<defaultID>plugin.video.elementum/movies/</defaultID>
		<label>Elementum</label>
		<label2>Πρόσθετο Βίντεο</label2>
		<icon>special://home/addons/plugin.image.TechNEWSology/resources/media/elementum.jpg</icon>
		<thumb />
		<action condition="!System.HasAddon(plugin.video.elementum)">RunScript("special://skin/16x9/TechNEWSology/InstallElementum.py")</action>
		<visible>!System.HasAddon(plugin.video.elementum)</visible>
	</shortcut>
	<shortcut>
		<defaultID>plugin.video.elementum/movies/</defaultID>
		<label>Elementum</label>
		<label2>Πρόσθετο Βίντεο</label2>
		<icon>special://home/addons\plugin.video.elementum\icon.png</icon>
		<thumb />
		<action>ActivateWindow(Videos,"plugin://plugin.video.elementum/shows/",return)</action>
		<visible>System.HasAddon(plugin.video.elementum)</visible>
	</shortcut>
	<shortcut>
		<defaultID>script.extendedinfo</defaultID>
		<label>Extended Info</label>
		<label2>Πρόσθετο Βίντεο</label2>
		<icon>special://home/addons/plugin.image.TechNEWSology/resources/media/extendedinfo.png</icon>
		<thumb />
		<action>ActivateWindow(Videos,"plugin://script.extendedinfo",return)</action>
	</shortcut>
	<shortcut>
		<defaultID />
		<label>Homelander</label>
		<label2>Πρόσθετο Βίντεο</label2>
		<icon>special://home/addons\plugin.video.homelander\icon.png</icon>
		<thumb />
		<action>ActivateWindow(Videos,"plugin://plugin.video.homelander/?action=tvNavigator",return)</action>
		<visible>System.HasAddon(plugin.video.homelander)</visible>
	</shortcut>
	<shortcut>
		<defaultID>plugin.video.gratis</defaultID>
		<label>Gratis</label>
		<label2>Πρόσθετο Βίντεο</label2>
		<icon>special://home/addons/plugin.image.TechNEWSology/resources/media/gratis.png</icon>
		<thumb />
		<action>ActivateWindow(Videos,"plugin://plugin.video.gratis",return)</action>
		<visible>System.HasAddon(plugin.video.gratis)</visible>
	</shortcut>
	<shortcut>
		<defaultID />
		<label>Seren</label>
		<label2>Πρόσθετο Βίντεο</label2>
		<icon>special://home/addons/plugin.image.TechNEWSology/resources/media/seren.jpg</icon>
		<thumb />
		<action>ActivateWindow(Videos,"plugin://plugin.video.seren/?action=showsHome",return)</action>
	</shortcut>
	<shortcut>
		<defaultID />
		<label>Shadow RD</label>
		<label2>Πρόσθετο Βίντεο</label2>
		<icon>special://home/addons/plugin.image.TechNEWSology/resources/media/shadow.png</icon>
		<thumb />
		<action>ActivateWindow(Videos,"plugin://plugin.video.shadow/?mode=3&amp;dates=+&amp;episode=+&amp;description=TV&amp;all_w=%7B%7D&amp;show_original_year=+&amp;fanart=https%3A%2F%2Fcdn.mos.cms.futurecdn.net%2FqCD39X4DjbpgxD7ZFW63eG.jpg&amp;heb_name=+&amp;iconimage=special://home/addons%5Cplugin.video.shadow%5Cresources%5Cartwork%2Ftv.png&amp;original_title=+&amp;eng_name=+&amp;data=+&amp;url=www&amp;fav_status=false&amp;tmdbid=+&amp;season=+&amp;isr=0&amp;last_id=&amp;image_master=&amp;id=+&amp;name=TV+World&amp;video_data=%7B%22rating%22%3A+%220%22%2C+%22episode%22%3A+0%2C+%22title%22%3A+%22TV+World%22%2C+%22season%22%3A+0%2C+%22TVshowtitle%22%3A+%22%22%2C+%22mediatype%22%3A+%22movie%22%2C+%22plot%22%3A+%22TV%22%2C+%22OriginalTitle%22%3A+%22+%22%2C+%22Tag%22%3A+%22None%22%2C+%22id%22%3A+%22+%22%7D",return)</action>
	</shortcut>
	<shortcut>
		<defaultID />
		<label>Fen</label>
		<label2>Πρόσθετο Βίντεο</label2>
		<icon>special://home/addons/plugin.image.TechNEWSology/resources/media/fen.png</icon>
		<thumb />
		<action>ActivateWindow(Videos,"plugin://plugin.video.fen/?info=Access+Fen+TV+Show+Menus.&amp;name=TV+Shows&amp;iconImage=tv.png&amp;foldername=TV+Shows&amp;mode=navigator.main&amp;action=TVShowList",return)</action>
		<visible>System.HasAddon(plugin.video.fen)</visible>
	</shortcut>
	<shortcut>
		<defaultID />
		<label>The Crew</label>
		<label2>Πρόσθετο Βίντεο</label2>
		<icon>special://home/addons/plugin.image.TechNEWSology/resources/media/crew.jpg</icon>
		<thumb />
		<action>ActivateWindow(Videos,"plugin://plugin.video.thecrew/?action=tvNavigator",return)</action>
		<visible>System.HasAddon(plugin.video.thecrew)</visible>
	</shortcut>
	<shortcut>
		<defaultID>plugin.video.magicdragon</defaultID>
		<label>Magic Dragon</label>
		<label2>Πρόσθετο Βίντεο</label2>
		<icon>special://home/addons/plugin.image.TechNEWSology/resources/media/magic.jpg</icon>
		<thumb />
		<action>ActivateWindow(Videos,"plugin://plugin.video.magicdragon",return)</action>
		<visible>System.HasAddon(plugin.video.magicdragon)</visible>
	</shortcut>
	<shortcut>
		<defaultID />
		<label>The Crew 1 clicks</label>
		<label2>Πρόσθετο Βίντεο</label2>
		<icon>special://home/addons/plugin.image.TechNEWSology/resources/media/crew.jpg</icon>
		<thumb />
		<action>ActivateWindow(10025,&quot;plugin://plugin.video.thecrew/?action=xdirectory&amp;content=addons&amp;url=%24doregex%5bdir%5d%7cregex%3d668b1a92c8165e36dcb21dbed6e41cb4&amp;sf_options=fanart%3Dhttp%3A%2F%2Fthechains24.com%2FGREENHAT%2Fgreen.jpg%26meta%3Dvotes%253D0%2526label%253D%25255BCOLOR%252Bdodgerblue%25255D%2525C2%2525A4%252B%25255B%25252FCOLOR%25255D%252B%25255BB%25255D%25255BCOLOR%252Bwhite%25255D1Click%252BTv%25255B%25252FCOLOR%25255D%25255B%25252FB%25255D%252B%25255BCOLOR%252Bdodgerblue%25255D%252B%2525C2%2525A4%25255B%25252FCOLOR%25255D%26_options_sf&quot;,return)</action>
		<visible>System.HasAddon(plugin.video.thecrew)</visible>
	</shortcut>
	<shortcut>
		<defaultID />
		<label>Q Continuum 1 click</label>
		<label2>Πρόσθετο Βίντεο</label2>
		<icon>special://home/addons/plugin.image.TechNEWSology/resources/media/Continuum.jpg</icon>
		<thumb />
		<action>ActivateWindow(10025,&quot;plugin://plugin.video.thecrew/?action=directory&amp;content=0&amp;url=https%3a%2f%2fbitbucket.org%2fMad-Eric%2ftextfiles%2fraw%2fmaster%2fNewMav%2fTVShows.xml&amp;sf_options=fanart%3Dspecial%3A%2F%2Fhome%2Faddons%5Cplugin.video.thecrew%5Cfanart.jpg%26meta%3Dvotes%253D0%2526label%253D%25255BB%25255D%25255BCOLOR%252Bwhite%25255DTv%252BShows%252B%25255BCOLOR%252Borange%25255DQ%252BContinuum%252B%25255BCOLOR%252Blime%25255D%252528Non%252BDebrid%252529%25255B%25252FCOLOR%25255D%25255B%25252FB%25255D%26_options_sf&quot;,return)</action>
		<visible>System.HasAddon(plugin.video.thecrew)</visible>
	</shortcut>
	<shortcut>
		<defaultID />
		<label>Crackle</label>
		<label2>Πρόσθετο Βίντεο</label2>
		<icon>special://home/addons\plugin.video.crackle\icon.png</icon>
		<thumb />
		<action>ActivateWindow(Videos,"plugin://plugin.video.crackle/?id=shows&amp;mode=99",return)</action>
		<visible>System.HasAddon(plugin.video.crackle)</visible>
	</shortcut>
	<shortcut>
		<defaultID />
		<label>Release BB</label>
		<label2>Πρόσθετο Βίντεο</label2>
		<icon>special://home/addons/plugin.image.TechNEWSology/resources/media/releaseBB.png</icon>
		<thumb />
		<action>ActivateWindow(Videos,"plugin://plugin.video.releaseBB/?mode=Categories&amp;section=tv-shows",return)</action>
		<visible>System.HasAddon(plugin.video.releaseBB)</visible>
	</shortcut>
</shortcuts>
