<shortcuts>
	<shortcut>
		<defaultID />
		<label>1 Click</label>
		<label2>Πρόσθετο Βίντεο</label2>
		<icon>special://home/addons/plugin.image.TechNEWSology/resources/media/iptv.png</icon>
		<thumb />
		<action>ActivateWindow(Videos,"plugin://plugin.video.macvod/?action=tulista&amp;title=%5BB%5D%5BCOLOR+orange%5D%CE%A4%CF%85%CF%87%CE%B1%CE%AF%CE%BF%CF%82+%CE%B4%CE%B9%CE%B1%CE%BA%CE%BF%CE%BC%CE%B9%CF%83%CF%84%CE%AE%CF%82%5B%2FCOLOR%5D%5B%2FB%5D&amp;url=https%3A%2F%2Fpastebin.com%2Fraw%2Fktiz5e2M&amp;thumbnail=C%3A%5CUsers%5Chplap%5CAppData%5CRoaming%5CKodi%5Caddons%5Cplugin.video.macvod%5Cicon.png&amp;plot=&amp;extra=&amp;page=",return)</action>
	</shortcut>
	<shortcut>
		<defaultID>plugin.video.macvod</defaultID>
		<label>XC MAC M3U</label>
		<label2>Πρόσθετο Βίντεο</label2>
		<icon>special://home/addons/plugin.video.macvod/icon.png</icon>
		<thumb />
		<action>ActivateWindow(Videos,"plugin://plugin.video.macvod",return)</action>
	</shortcut>
	<shortcut>
		<defaultID />
		<label>Generator List</label>
		<label2>Πρόσθετο Βίντεο</label2>
		<icon>special://home/addons/resource.images.alivegr.logos/resources/logos/na2.png</icon>
		<thumb />
		<action>RunScript("special://skin/16x9/TechNEWSology/Pvr/list.py")</action>
	</shortcut>
	<shortcut>
		<defaultID />
		<label>Προτιμήσεις</label>
		<label2>Custom item</label2>
		<icon>special://home/addons\plugin.program.mypreferences\icon.png</icon>
		<thumb />
		<action>ActivateWindow(Videos,"plugin://plugin.program.mypreferences/?label=4.WORLD+TV&amp;mode=400&amp;path=special%3A%2F%2Fprofile%2Faddon_data%2Fplugin.program.mypreferences%5C4.WORLD+TV",return)</action>
	</shortcut>
	<shortcut>
		<defaultID />
		<label>Daddylive</label>
		<label2>Πρόσθετο Βίντεο</label2>
		<icon>special://home/addons/plugin.image.TechNEWSology/resources/media/daddylive.png</icon>
		<thumb />
		<action>ActivateWindow(Videos,"plugin://plugin.video.sportsd/?mode=1&amp;item=title%3D%255BCOLOR%253Dgold%255D%252A%252A%252A%2B24%252F7%2BChannels%2B%252A%252A%252A%255B%252FCOLOR%255D%26type%3Donce%26cfg%3Ddaddylive.cfg%2540Channels%26url%3Dhttps%253A%252F%252Fdlhd.sx%252F24-7-channels.php%26director%3Ddaddylivehd.sx%26icon%3Dhttps%253A%252F%252Fi.imgur.com%252F8EL6mr3.png%26genre%3DLive%2BSports%26definedIn%3Dlivesports%252Fdaddylive.cfg",return)</action>
	</shortcut>
	<shortcut>
		<defaultID>19019</defaultID>
		<label>PVR Stalker</label>
		<label2>Live TV</label2>
		<icon>special://home/addons/plugin.image.TechNEWSology/resources/media/stalker.png</icon>
		<thumb />
		<action condition="!System.HasAddon(pvr.stalker)">RunScript("special://skin/16x9/TechNEWSology/Pvr/InstallStalker.py")</action>
		<action condition="System.HasAddon(pvr.stalker)">RunScript("special://skin/16x9/TechNEWSology/Pvr/pvr_stalker.py")</action>
		<action>ActivateWindow(TVChannels)</action>
	</shortcut>
	<shortcut>
		<defaultID />
		<label>Fluxus IPTV</label>
		<label2>Πρόσθετο Βίντεο</label2>
		<icon>special://home/addons/plugin.image.TechNEWSology/resources/media/fluxus.png</icon>
		<thumb />
		<action>ActivateWindow(10025,"plugin://plugin.video.live.streamspro/?url=https://bit.ly/FTV-ENG&amp;mode=1",return)</action>
	</shortcut>
	<shortcut>
		<defaultID>plugin.video.tvone</defaultID>
		<label>tvOne All</label>
		<label2>Custom item</label2>
		<icon>special://home/addons/plugin.image.TechNEWSology/resources/media/TVONE.png</icon>
		<thumb />
		<action>RunScript("special://skin/16x9/TechNEWSology/TvOne.py")</action>
	</shortcut>
	<shortcut>
		<defaultID>plugin.video.sportsd</defaultID>
		<label>SportsD</label>
		<label2>Πρόσθετο Βίντεο</label2>
		<icon>special://home/addons/plugin.image.TechNEWSology/resources/media/sportsd.jpg</icon>
		<thumb />
		<action>ActivateWindow(Videos,"plugin://plugin.video.sportsd/?mode=1&amp;item=title%3DLive%2BTV%26type%3Drss%26genre%3DLive%2BTV%26director%3DSportsD%26icon%3DC%253A%255CUsers%255Chplap%255CAppData%255CRoaming%255CKodi%255Caddons%255Cplugin.video.sportsd%255Cresources%255Cimages%255Cicons%252Flive_tv.png%26url%3Dcustoms.cfg%26definedIn%3DmainMenu.cfg",return)</action>
	</shortcut>
	<shortcut>
		<defaultID>plugin.video.live.streamspro</defaultID>
		<label>LiveStreamsPro</label>
		<label2>Πρόσθετο Βίντεο</label2>
		<icon>special://home/addons\plugin.video.live.streamspro\icon.png</icon>
		<thumb />
		<action>ActivateWindow(Videos,"plugin://plugin.video.live.streamspro",return)</action>
	</shortcut>
	<shortcut>
		<defaultID>plugin.video.json_iptv</defaultID>
		<label>Json IPTV</label>
		<label2>Πρόσθετο Βίντεο</label2>
		<icon>special://home/addons/plugin.image.TechNEWSology/resources/media/json.jpg</icon>
		<thumb />
		<action>ActivateWindow(Videos,"plugin://plugin.video.json_iptv",return)</action>
		<visible>System.HasAddon(plugin.video.json_iptv)</visible>
	</shortcut>
	<shortcut>
		<defaultID>plugin.video.playlistloader</defaultID>
		<label>Playlist Loader</label>
		<label2>Πρόσθετο Βίντεο</label2>
		<icon>special://home/addons\plugin.video.playlistloader\icon.png</icon>
		<thumb />
		<action>ActivateWindow(Videos,"plugin://plugin.video.playlistloader",return)</action>
	</shortcut>
	<shortcut>
		<defaultID>plugin.video.skylinecctv</defaultID>
		<label>Skyline WebCams</label>
		<label2>Πρόσθετο Βίντεο</label2>
		<icon>special://home/addons/plugin.image.TechNEWSology/resources/media/skylinecctv.png</icon>
		<thumb />
		<action>ActivateWindow(Videos,"plugin://plugin.video.skylinecctv",return)</action>
	</shortcut>
	<shortcut>
		<defaultID />
		<label>Sportowo</label>
		<label2>Πρόσθετο Βίντεο</label2>
		<icon>special://home/addons\plugin.video.PLsportowo\icon.png</icon>
		<thumb />
		<action>ActivateWindow(Videos,"plugin://plugin.video.PLsportowo/?mode=liveChannels&amp;url=&amp;image=special://home/addons%5Cplugin.video.PLsportowo%5C%2Fresources%2Fchan2.png&amp;title=Live+channels",return)</action>
		<visible>System.HasAddon(plugin.video.PLsportowo)</visible>
	</shortcut>
	<shortcut>
		<defaultID />
		<label>The Crew</label>
		<label2>Πρόσθετο Βίντεο</label2>
		<icon>special://home/addons/plugin.image.TechNEWSology/resources/media/crew.jpg</icon>
		<thumb />
		<action>ActivateWindow(Videos,"plugin://plugin.video.thecrew/?action=whitehat",return)</action>
		<visible>System.HasAddon(plugin.video.thecrew)</visible>
	</shortcut>
	<shortcut>
		<defaultID />
		<label>Apex Sports</label>
		<label2>Πρόσθετο Βίντεο</label2>
		<icon>special://home/addons/plugin.image.TechNEWSology/resources/media/apex.jpg</icon>
		<thumb />
		<action>ActivateWindow(Videos,"plugin://plugin.video.apex_sports/?mode=open_category&amp;category=live_tv",return)</action>
		<visible>System.HasAddon(plugin.video.apex_sports)</visible>
	</shortcut>
	<shortcut>
		<defaultID />
		<label>xXx</label>
		<label2>Custom item</label2>
		<icon>special://home/addons/plugin.image.TechNEWSology/resources/media/HDX.png</icon>
		<thumb />
		<action>RunScript("special://skin/16x9/TechNEWSology/Lock_Folder/Lock_xxx.py")</action>
	</shortcut>
</shortcuts>
